apiName,packageName,packageVersion,sourceFiles,startLine,replacement,isCompatible,deprecated
System.Web.Optimization.BundleCollection.Add(System.Web.Optimization.Bundle),Microsoft.AspNet.Web.Optimization,1.1.3,C:\Users\Administrator\Desktop\eShopModernizing\eShopLegacyMVCSolution\src\eShopLegacyMVC\App_Start\BundleConfig.cs,11,,INCOMPATIBLE,
System.Web.Optimization.BundleCollection.Add(System.Web.Optimization.Bundle),Microsoft.AspNet.Web.Optimization,1.1.3,C:\Users\Administrator\Desktop\eShopModernizing\eShopLegacyMVCSolution\src\eShopLegacyMVC\App_Start\BundleConfig.cs,14,,INCOMPATIBLE,
System.Web.Optimization.BundleCollection.Add(System.Web.Optimization.Bundle),Microsoft.AspNet.Web.Optimization,1.1.3,C:\Users\Administrator\Desktop\eShopModernizing\eShopLegacyMVCSolution\src\eShopLegacyMVC\App_Start\BundleConfig.cs,19,,INCOMPATIBLE,
System.Web.Optimization.BundleCollection.Add(System.Web.Optimization.Bundle),Microsoft.AspNet.Web.Optimization,1.1.3,C:\Users\Administrator\Desktop\eShopModernizing\eShopLegacyMVCSolution\src\eShopLegacyMVC\App_Start\BundleConfig.cs,22,,INCOMPATIBLE,
System.Web.Optimization.BundleCollection.Add(System.Web.Optimization.Bundle),Microsoft.AspNet.Web.Optimization,1.1.3,C:\Users\Administrator\Desktop\eShopModernizing\eShopLegacyMVCSolution\src\eShopLegacyMVC\App_Start\BundleConfig.cs,26,,INCOMPATIBLE,
"System.Web.Optimization.Bundle.Include(string, params System.Web.Optimization.IItemTransform[])",Microsoft.AspNet.Web.Optimization,1.1.3,C:\Users\Administrator\Desktop\eShopModernizing\eShopLegacyMVCSolution\src\eShopLegacyMVC\App_Start\BundleConfig.cs,11,,INCOMPATIBLE,
"System.Web.Optimization.Bundle.Include(string, params System.Web.Optimization.IItemTransform[])",Microsoft.AspNet.Web.Optimization,1.1.3,C:\Users\Administrator\Desktop\eShopModernizing\eShopLegacyMVCSolution\src\eShopLegacyMVC\App_Start\BundleConfig.cs,14,,INCOMPATIBLE,
"System.Web.Optimization.Bundle.Include(string, params System.Web.Optimization.IItemTransform[])",Microsoft.AspNet.Web.Optimization,1.1.3,C:\Users\Administrator\Desktop\eShopModernizing\eShopLegacyMVCSolution\src\eShopLegacyMVC\App_Start\BundleConfig.cs,19,,INCOMPATIBLE,
System.Web.Optimization.Bundle.Include(params string[]),Microsoft.AspNet.Web.Optimization,1.1.3,C:\Users\Administrator\Desktop\eShopModernizing\eShopLegacyMVCSolution\src\eShopLegacyMVC\App_Start\BundleConfig.cs,22,,INCOMPATIBLE,
System.Web.Optimization.Bundle.Include(params string[]),Microsoft.AspNet.Web.Optimization,1.1.3,C:\Users\Administrator\Desktop\eShopModernizing\eShopLegacyMVCSolution\src\eShopLegacyMVC\App_Start\BundleConfig.cs,26,,INCOMPATIBLE,
BundleCollection,Microsoft.AspNet.Web.Optimization,1.1.3,C:\Users\Administrator\Desktop\eShopModernizing\eShopLegacyMVCSolution\src\eShopLegacyMVC\App_Start\BundleConfig.cs,9,,INCOMPATIBLE,
ScriptBundle,Microsoft.AspNet.Web.Optimization,1.1.3,C:\Users\Administrator\Desktop\eShopModernizing\eShopLegacyMVCSolution\src\eShopLegacyMVC\App_Start\BundleConfig.cs,11,,INCOMPATIBLE,
ScriptBundle,Microsoft.AspNet.Web.Optimization,1.1.3,C:\Users\Administrator\Desktop\eShopModernizing\eShopLegacyMVCSolution\src\eShopLegacyMVC\App_Start\BundleConfig.cs,14,,INCOMPATIBLE,
ScriptBundle,Microsoft.AspNet.Web.Optimization,1.1.3,C:\Users\Administrator\Desktop\eShopModernizing\eShopLegacyMVCSolution\src\eShopLegacyMVC\App_Start\BundleConfig.cs,19,,INCOMPATIBLE,
ScriptBundle,Microsoft.AspNet.Web.Optimization,1.1.3,C:\Users\Administrator\Desktop\eShopModernizing\eShopLegacyMVCSolution\src\eShopLegacyMVC\App_Start\BundleConfig.cs,22,,INCOMPATIBLE,
StyleBundle,Microsoft.AspNet.Web.Optimization,1.1.3,C:\Users\Administrator\Desktop\eShopModernizing\eShopLegacyMVCSolution\src\eShopLegacyMVC\App_Start\BundleConfig.cs,26,,INCOMPATIBLE,
System.Web.Mvc.GlobalFilterCollection.Add(object),Microsoft.AspNet.Mvc,5.2.7,C:\Users\Administrator\Desktop\eShopModernizing\eShopLegacyMVCSolution\src\eShopLegacyMVC\App_Start\FilterConfig.cs,10,,INCOMPATIBLE,
GlobalFilterCollection,Microsoft.AspNet.Mvc,5.2.7,C:\Users\Administrator\Desktop\eShopModernizing\eShopLegacyMVCSolution\src\eShopLegacyMVC\App_Start\FilterConfig.cs,8,,INCOMPATIBLE,
HandleErrorAttribute,Microsoft.AspNet.Mvc,5.2.7,C:\Users\Administrator\Desktop\eShopModernizing\eShopLegacyMVCSolution\src\eShopLegacyMVC\App_Start\FilterConfig.cs,10,,INCOMPATIBLE,
System.Web.Routing.RouteCollection.MapMvcAttributeRoutes(),Microsoft.AspNet.Mvc,5.2.7,C:\Users\Administrator\Desktop\eShopModernizing\eShopLegacyMVCSolution\src\eShopLegacyMVC\App_Start\RouteConfig.cs,14,,INCOMPATIBLE,
System.Web.Routing.RouteCollection.IgnoreRoute(string),Microsoft.AspNet.Mvc,5.2.7,C:\Users\Administrator\Desktop\eShopModernizing\eShopLegacyMVCSolution\src\eShopLegacyMVC\App_Start\RouteConfig.cs,15,,INCOMPATIBLE,
"System.Web.Routing.RouteCollection.MapRoute(string, string, object)",Microsoft.AspNet.Mvc,5.2.7,C:\Users\Administrator\Desktop\eShopModernizing\eShopLegacyMVCSolution\src\eShopLegacyMVC\App_Start\RouteConfig.cs,16,,INCOMPATIBLE,
RouteCollection,System.Web,4.0.0,C:\Users\Administrator\Desktop\eShopModernizing\eShopLegacyMVCSolution\src\eShopLegacyMVC\App_Start\RouteConfig.cs,12,,INCOMPATIBLE,
log4net.LogManager.GetLogger(System.Type),log4net,2.0.8,C:\Users\Administrator\Desktop\eShopModernizing\eShopLegacyMVCSolution\src\eShopLegacyMVC\Controllers\PicController.cs,11,2.0.10,COMPATIBLE,
log4net.LogManager.GetLogger(System.Type),log4net,2.0.8,C:\Users\Administrator\Desktop\eShopModernizing\eShopLegacyMVCSolution\src\eShopLegacyMVC\Controllers\CatalogController.cs,12,2.0.10,COMPATIBLE,
log4net.LogManager.GetLogger(System.Type),log4net,2.0.8,C:\Users\Administrator\Desktop\eShopModernizing\eShopLegacyMVCSolution\src\eShopLegacyMVC\Global.asax.cs,22,2.0.10,COMPATIBLE,
System.Reflection.MethodBase.GetCurrentMethod(),mscorlib,4.0.0,C:\Users\Administrator\Desktop\eShopModernizing\eShopLegacyMVCSolution\src\eShopLegacyMVC\Controllers\PicController.cs,11,,COMPATIBLE,
System.Reflection.MethodBase.GetCurrentMethod(),mscorlib,4.0.0,C:\Users\Administrator\Desktop\eShopModernizing\eShopLegacyMVCSolution\src\eShopLegacyMVC\Controllers\CatalogController.cs,12,,COMPATIBLE,
System.Reflection.MethodBase.GetCurrentMethod(),mscorlib,4.0.0,C:\Users\Administrator\Desktop\eShopModernizing\eShopLegacyMVCSolution\src\eShopLegacyMVC\Global.asax.cs,22,,COMPATIBLE,
log4net.ILog.Info(object),log4net,2.0.8,C:\Users\Administrator\Desktop\eShopModernizing\eShopLegacyMVCSolution\src\eShopLegacyMVC\Controllers\PicController.cs,24,2.0.10,COMPATIBLE,
log4net.ILog.Info(object),log4net,2.0.8,C:\Users\Administrator\Desktop\eShopModernizing\eShopLegacyMVCSolution\src\eShopLegacyMVC\Controllers\CatalogController.cs,22,2.0.10,COMPATIBLE,
log4net.ILog.Info(object),log4net,2.0.8,C:\Users\Administrator\Desktop\eShopModernizing\eShopLegacyMVCSolution\src\eShopLegacyMVC\Controllers\CatalogController.cs,31,2.0.10,COMPATIBLE,
log4net.ILog.Info(object),log4net,2.0.8,C:\Users\Administrator\Desktop\eShopModernizing\eShopLegacyMVCSolution\src\eShopLegacyMVC\Controllers\CatalogController.cs,50,2.0.10,COMPATIBLE,
log4net.ILog.Info(object),log4net,2.0.8,C:\Users\Administrator\Desktop\eShopModernizing\eShopLegacyMVCSolution\src\eShopLegacyMVC\Controllers\CatalogController.cs,63,2.0.10,COMPATIBLE,
log4net.ILog.Info(object),log4net,2.0.8,C:\Users\Administrator\Desktop\eShopModernizing\eShopLegacyMVCSolution\src\eShopLegacyMVC\Controllers\CatalogController.cs,78,2.0.10,COMPATIBLE,
log4net.ILog.Info(object),log4net,2.0.8,C:\Users\Administrator\Desktop\eShopModernizing\eShopLegacyMVCSolution\src\eShopLegacyMVC\Controllers\CatalogController.cs,103,2.0.10,COMPATIBLE,
log4net.ILog.Info(object),log4net,2.0.8,C:\Users\Administrator\Desktop\eShopModernizing\eShopLegacyMVCSolution\src\eShopLegacyMVC\Controllers\CatalogController.cs,118,2.0.10,COMPATIBLE,
log4net.ILog.Info(object),log4net,2.0.8,C:\Users\Administrator\Desktop\eShopModernizing\eShopLegacyMVCSolution\src\eShopLegacyMVC\Controllers\CatalogController.cs,139,2.0.10,COMPATIBLE,
System.Web.HttpServerUtilityBase.MapPath(string),System.Web,4.0.0,C:\Users\Administrator\Desktop\eShopModernizing\eShopLegacyMVCSolution\src\eShopLegacyMVC\Controllers\PicController.cs,33,,COMPATIBLE,
"System.IO.Path.Combine(string, string)",mscorlib,4.0.0,C:\Users\Administrator\Desktop\eShopModernizing\eShopLegacyMVCSolution\src\eShopLegacyMVC\Controllers\PicController.cs,34,,COMPATIBLE,
"System.IO.Path.Combine(string, string)",mscorlib,4.0.0,C:\Users\Administrator\Desktop\eShopModernizing\eShopLegacyMVCSolution\src\eShopLegacyMVC\Models\Infrastructure\CatalogDBInitializer.cs,289,,COMPATIBLE,
"System.IO.Path.Combine(string, string)",mscorlib,4.0.0,C:\Users\Administrator\Desktop\eShopModernizing\eShopLegacyMVCSolution\src\eShopLegacyMVC\Models\Infrastructure\CatalogDBInitializer.cs,301,,COMPATIBLE,
System.IO.Path.GetExtension(string),mscorlib,4.0.0,C:\Users\Administrator\Desktop\eShopModernizing\eShopLegacyMVCSolution\src\eShopLegacyMVC\Controllers\PicController.cs,35,,COMPATIBLE,
System.IO.File.ReadAllBytes(string),mscorlib,4.0.0,C:\Users\Administrator\Desktop\eShopModernizing\eShopLegacyMVCSolution\src\eShopLegacyMVC\Controllers\PicController.cs,37,,COMPATIBLE,
"System.Web.Mvc.Controller.File(byte[], string)",Microsoft.AspNet.Mvc,5.2.7,C:\Users\Administrator\Desktop\eShopModernizing\eShopLegacyMVCSolution\src\eShopLegacyMVC\Controllers\PicController.cs,38,,INCOMPATIBLE,
System.Web.Mvc.Controller.HttpNotFound(),Microsoft.AspNet.Mvc,5.2.7,C:\Users\Administrator\Desktop\eShopModernizing\eShopLegacyMVCSolution\src\eShopLegacyMVC\Controllers\PicController.cs,41,,INCOMPATIBLE,
System.Web.Mvc.Controller.HttpNotFound(),Microsoft.AspNet.Mvc,5.2.7,C:\Users\Administrator\Desktop\eShopModernizing\eShopLegacyMVCSolution\src\eShopLegacyMVC\Controllers\CatalogController.cs,40,,INCOMPATIBLE,
System.Web.Mvc.Controller.HttpNotFound(),Microsoft.AspNet.Mvc,5.2.7,C:\Users\Administrator\Desktop\eShopModernizing\eShopLegacyMVCSolution\src\eShopLegacyMVC\Controllers\CatalogController.cs,87,,INCOMPATIBLE,
System.Web.Mvc.Controller.HttpNotFound(),Microsoft.AspNet.Mvc,5.2.7,C:\Users\Administrator\Desktop\eShopModernizing\eShopLegacyMVCSolution\src\eShopLegacyMVC\Controllers\CatalogController.cs,127,,INCOMPATIBLE,
HttpGet,Microsoft.AspNet.Mvc,5.2.7,C:\Users\Administrator\Desktop\eShopModernizing\eShopLegacyMVCSolution\src\eShopLegacyMVC\Controllers\PicController.cs,20,,INCOMPATIBLE,
Route,Microsoft.AspNet.Mvc,5.2.7,C:\Users\Administrator\Desktop\eShopModernizing\eShopLegacyMVCSolution\src\eShopLegacyMVC\Controllers\PicController.cs,21,,INCOMPATIBLE,
ILog,log4net,2.0.8,C:\Users\Administrator\Desktop\eShopModernizing\eShopLegacyMVCSolution\src\eShopLegacyMVC\Controllers\PicController.cs,11,,COMPATIBLE,
ILog,log4net,2.0.8,C:\Users\Administrator\Desktop\eShopModernizing\eShopLegacyMVCSolution\src\eShopLegacyMVC\Controllers\CatalogController.cs,12,,COMPATIBLE,
ILog,log4net,2.0.8,C:\Users\Administrator\Desktop\eShopModernizing\eShopLegacyMVCSolution\src\eShopLegacyMVC\Global.asax.cs,22,,COMPATIBLE,
ActionResult,Microsoft.AspNet.Mvc,5.2.7,C:\Users\Administrator\Desktop\eShopModernizing\eShopLegacyMVCSolution\src\eShopLegacyMVC\Controllers\PicController.cs,22,,INCOMPATIBLE,
ActionResult,Microsoft.AspNet.Mvc,5.2.7,C:\Users\Administrator\Desktop\eShopModernizing\eShopLegacyMVCSolution\src\eShopLegacyMVC\Controllers\CatalogController.cs,20,,INCOMPATIBLE,
ActionResult,Microsoft.AspNet.Mvc,5.2.7,C:\Users\Administrator\Desktop\eShopModernizing\eShopLegacyMVCSolution\src\eShopLegacyMVC\Controllers\CatalogController.cs,29,,INCOMPATIBLE,
ActionResult,Microsoft.AspNet.Mvc,5.2.7,C:\Users\Administrator\Desktop\eShopModernizing\eShopLegacyMVCSolution\src\eShopLegacyMVC\Controllers\CatalogController.cs,48,,INCOMPATIBLE,
ActionResult,Microsoft.AspNet.Mvc,5.2.7,C:\Users\Administrator\Desktop\eShopModernizing\eShopLegacyMVCSolution\src\eShopLegacyMVC\Controllers\CatalogController.cs,61,,INCOMPATIBLE,
ActionResult,Microsoft.AspNet.Mvc,5.2.7,C:\Users\Administrator\Desktop\eShopModernizing\eShopLegacyMVCSolution\src\eShopLegacyMVC\Controllers\CatalogController.cs,76,,INCOMPATIBLE,
ActionResult,Microsoft.AspNet.Mvc,5.2.7,C:\Users\Administrator\Desktop\eShopModernizing\eShopLegacyMVCSolution\src\eShopLegacyMVC\Controllers\CatalogController.cs,101,,INCOMPATIBLE,
ActionResult,Microsoft.AspNet.Mvc,5.2.7,C:\Users\Administrator\Desktop\eShopModernizing\eShopLegacyMVCSolution\src\eShopLegacyMVC\Controllers\CatalogController.cs,116,,INCOMPATIBLE,
ActionResult,Microsoft.AspNet.Mvc,5.2.7,C:\Users\Administrator\Desktop\eShopModernizing\eShopLegacyMVCSolution\src\eShopLegacyMVC\Controllers\CatalogController.cs,137,,INCOMPATIBLE,
HttpStatusCodeResult,Microsoft.AspNet.Mvc,5.2.7,C:\Users\Administrator\Desktop\eShopModernizing\eShopLegacyMVCSolution\src\eShopLegacyMVC\Controllers\PicController.cs,27,,INCOMPATIBLE,
HttpStatusCodeResult,Microsoft.AspNet.Mvc,5.2.7,C:\Users\Administrator\Desktop\eShopModernizing\eShopLegacyMVCSolution\src\eShopLegacyMVC\Controllers\CatalogController.cs,34,,INCOMPATIBLE,
HttpStatusCodeResult,Microsoft.AspNet.Mvc,5.2.7,C:\Users\Administrator\Desktop\eShopModernizing\eShopLegacyMVCSolution\src\eShopLegacyMVC\Controllers\CatalogController.cs,81,,INCOMPATIBLE,
HttpStatusCodeResult,Microsoft.AspNet.Mvc,5.2.7,C:\Users\Administrator\Desktop\eShopModernizing\eShopLegacyMVCSolution\src\eShopLegacyMVC\Controllers\CatalogController.cs,121,,INCOMPATIBLE,
String,mscorlib,4.0.0,C:\Users\Administrator\Desktop\eShopModernizing\eShopLegacyMVCSolution\src\eShopLegacyMVC\Controllers\PicController.cs,33,,COMPATIBLE,
String,mscorlib,4.0.0,C:\Users\Administrator\Desktop\eShopModernizing\eShopLegacyMVCSolution\src\eShopLegacyMVC\Controllers\PicController.cs,34,,COMPATIBLE,
String,mscorlib,4.0.0,C:\Users\Administrator\Desktop\eShopModernizing\eShopLegacyMVCSolution\src\eShopLegacyMVC\Models\Infrastructure\CatalogDBInitializer.cs,84,,COMPATIBLE,
String,mscorlib,4.0.0,C:\Users\Administrator\Desktop\eShopModernizing\eShopLegacyMVCSolution\src\eShopLegacyMVC\Models\Infrastructure\CatalogDBInitializer.cs,111,,COMPATIBLE,
String,mscorlib,4.0.0,C:\Users\Administrator\Desktop\eShopModernizing\eShopLegacyMVCSolution\src\eShopLegacyMVC\Models\Infrastructure\CatalogDBInitializer.cs,138,,COMPATIBLE,
String,mscorlib,4.0.0,C:\Users\Administrator\Desktop\eShopModernizing\eShopLegacyMVCSolution\src\eShopLegacyMVC\Models\Infrastructure\CatalogDBInitializer.cs,155,,COMPATIBLE,
String,mscorlib,4.0.0,C:\Users\Administrator\Desktop\eShopModernizing\eShopLegacyMVCSolution\src\eShopLegacyMVC\Models\Infrastructure\CatalogDBInitializer.cs,155,,COMPATIBLE,
String,mscorlib,4.0.0,C:\Users\Administrator\Desktop\eShopModernizing\eShopLegacyMVCSolution\src\eShopLegacyMVC\Models\Infrastructure\CatalogDBInitializer.cs,289,,COMPATIBLE,
String,mscorlib,4.0.0,C:\Users\Administrator\Desktop\eShopModernizing\eShopLegacyMVCSolution\src\eShopLegacyMVC\Models\Infrastructure\CatalogDBInitializer.cs,300,,COMPATIBLE,
bool.Parse(string),mscorlib,4.0.0,C:\Users\Administrator\Desktop\eShopModernizing\eShopLegacyMVCSolution\src\eShopLegacyMVC\Models\Infrastructure\CatalogDBInitializer.cs,27,,COMPATIBLE,
bool.Parse(string),mscorlib,4.0.0,C:\Users\Administrator\Desktop\eShopModernizing\eShopLegacyMVCSolution\src\eShopLegacyMVC\Global.asax.cs,58,,COMPATIBLE,
bool.Parse(string),mscorlib,4.0.0,C:\Users\Administrator\Desktop\eShopModernizing\eShopLegacyMVCSolution\src\eShopLegacyMVC\Global.asax.cs,67,,COMPATIBLE,
System.Data.Entity.DbSet<TEntity>.Add(TEntity),EntityFramework,6.2.0,C:\Users\Administrator\Desktop\eShopModernizing\eShopLegacyMVCSolution\src\eShopLegacyMVC\Models\Infrastructure\CatalogDBInitializer.cs,48,6.3.0,INCOMPATIBLE,
System.Data.Entity.DbSet<TEntity>.Add(TEntity),EntityFramework,6.2.0,C:\Users\Administrator\Desktop\eShopModernizing\eShopLegacyMVCSolution\src\eShopLegacyMVC\Models\Infrastructure\CatalogDBInitializer.cs,62,6.3.0,INCOMPATIBLE,
System.Data.Entity.DbSet<TEntity>.Add(TEntity),EntityFramework,6.2.0,C:\Users\Administrator\Desktop\eShopModernizing\eShopLegacyMVCSolution\src\eShopLegacyMVC\Models\Infrastructure\CatalogDBInitializer.cs,76,6.3.0,INCOMPATIBLE,
System.Data.Entity.DbSet<TEntity>.Add(TEntity),EntityFramework,6.2.0,C:\Users\Administrator\Desktop\eShopModernizing\eShopLegacyMVCSolution\src\eShopLegacyMVC\Services\CatalogService.cs,46,6.3.0,INCOMPATIBLE,
System.Data.Entity.DbContext.SaveChanges(),EntityFramework,6.2.0,C:\Users\Administrator\Desktop\eShopModernizing\eShopLegacyMVCSolution\src\eShopLegacyMVC\Models\Infrastructure\CatalogDBInitializer.cs,52,6.3.0,INCOMPATIBLE,
System.Data.Entity.DbContext.SaveChanges(),EntityFramework,6.2.0,C:\Users\Administrator\Desktop\eShopModernizing\eShopLegacyMVCSolution\src\eShopLegacyMVC\Models\Infrastructure\CatalogDBInitializer.cs,66,6.3.0,INCOMPATIBLE,
System.Data.Entity.DbContext.SaveChanges(),EntityFramework,6.2.0,C:\Users\Administrator\Desktop\eShopModernizing\eShopLegacyMVCSolution\src\eShopLegacyMVC\Models\Infrastructure\CatalogDBInitializer.cs,79,6.3.0,INCOMPATIBLE,
System.Data.Entity.DbContext.SaveChanges(),EntityFramework,6.2.0,C:\Users\Administrator\Desktop\eShopModernizing\eShopLegacyMVCSolution\src\eShopLegacyMVC\Services\CatalogService.cs,47,6.3.0,INCOMPATIBLE,
System.Data.Entity.DbContext.SaveChanges(),EntityFramework,6.2.0,C:\Users\Administrator\Desktop\eShopModernizing\eShopLegacyMVCSolution\src\eShopLegacyMVC\Services\CatalogService.cs,53,6.3.0,INCOMPATIBLE,
System.Data.Entity.DbContext.SaveChanges(),EntityFramework,6.2.0,C:\Users\Administrator\Desktop\eShopModernizing\eShopLegacyMVCSolution\src\eShopLegacyMVC\Services\CatalogService.cs,59,6.3.0,INCOMPATIBLE,
"System.IO.Path.Combine(string, string, string)",mscorlib,4.0.0,C:\Users\Administrator\Desktop\eShopModernizing\eShopLegacyMVCSolution\src\eShopLegacyMVC\Models\Infrastructure\CatalogDBInitializer.cs,85,,COMPATIBLE,
"System.IO.Path.Combine(string, string, string)",mscorlib,4.0.0,C:\Users\Administrator\Desktop\eShopModernizing\eShopLegacyMVCSolution\src\eShopLegacyMVC\Models\Infrastructure\CatalogDBInitializer.cs,112,,COMPATIBLE,
"System.IO.Path.Combine(string, string, string)",mscorlib,4.0.0,C:\Users\Administrator\Desktop\eShopModernizing\eShopLegacyMVCSolution\src\eShopLegacyMVC\Models\Infrastructure\CatalogDBInitializer.cs,139,,COMPATIBLE,
"System.IO.Path.Combine(string, string, string)",mscorlib,4.0.0,C:\Users\Administrator\Desktop\eShopModernizing\eShopLegacyMVCSolution\src\eShopLegacyMVC\Models\Infrastructure\CatalogDBInitializer.cs,307,,COMPATIBLE,
System.IO.File.Exists(string),mscorlib,4.0.0,C:\Users\Administrator\Desktop\eShopModernizing\eShopLegacyMVCSolution\src\eShopLegacyMVC\Models\Infrastructure\CatalogDBInitializer.cs,86,,COMPATIBLE,
System.IO.File.Exists(string),mscorlib,4.0.0,C:\Users\Administrator\Desktop\eShopModernizing\eShopLegacyMVCSolution\src\eShopLegacyMVC\Models\Infrastructure\CatalogDBInitializer.cs,113,,COMPATIBLE,
System.IO.File.Exists(string),mscorlib,4.0.0,C:\Users\Administrator\Desktop\eShopModernizing\eShopLegacyMVCSolution\src\eShopLegacyMVC\Models\Infrastructure\CatalogDBInitializer.cs,140,,COMPATIBLE,
"System.Collections.Generic.IEnumerable<TSource>.Where<TSource>(System.Func<TSource, bool>)",System.Core,4.0.0,C:\Users\Administrator\Desktop\eShopModernizing\eShopLegacyMVCSolution\src\eShopLegacyMVC\Models\Infrastructure\CatalogDBInitializer.cs,94,,COMPATIBLE,
"System.Collections.Generic.IEnumerable<TSource>.Where<TSource>(System.Func<TSource, bool>)",System.Core,4.0.0,C:\Users\Administrator\Desktop\eShopModernizing\eShopLegacyMVCSolution\src\eShopLegacyMVC\Models\Infrastructure\CatalogDBInitializer.cs,121,,COMPATIBLE,
"System.Collections.Generic.IEnumerable<TSource>.Where<TSource>(System.Func<TSource, bool>)",System.Core,4.0.0,C:\Users\Administrator\Desktop\eShopModernizing\eShopLegacyMVCSolution\src\eShopLegacyMVC\Models\Infrastructure\CatalogDBInitializer.cs,151,,COMPATIBLE,
"System.Collections.Generic.IEnumerable<TSource>.Select<TSource, TResult>(System.Func<TSource, TResult>)",System.Core,4.0.0,C:\Users\Administrator\Desktop\eShopModernizing\eShopLegacyMVCSolution\src\eShopLegacyMVC\Models\Infrastructure\CatalogDBInitializer.cs,94,,COMPATIBLE,
"System.Collections.Generic.IEnumerable<TSource>.Select<TSource, TResult>(System.Func<TSource, TResult>)",System.Core,4.0.0,C:\Users\Administrator\Desktop\eShopModernizing\eShopLegacyMVCSolution\src\eShopLegacyMVC\Models\Infrastructure\CatalogDBInitializer.cs,121,,COMPATIBLE,
"System.Collections.Generic.IEnumerable<TSource>.Select<TSource, TResult>(System.Func<TSource, TResult>)",System.Core,4.0.0,C:\Users\Administrator\Desktop\eShopModernizing\eShopLegacyMVCSolution\src\eShopLegacyMVC\Models\Infrastructure\CatalogDBInitializer.cs,151,,COMPATIBLE,
"System.Collections.Generic.IEnumerable<TSource>.Select<TSource, TResult>(System.Func<TSource, TResult>)",System.Core,4.0.0,C:\Users\Administrator\Desktop\eShopModernizing\eShopLegacyMVCSolution\src\eShopLegacyMVC\Models\Infrastructure\CatalogDBInitializer.cs,151,,COMPATIBLE,
System.Collections.Generic.IEnumerable<TSource>.Skip<TSource>(int),System.Core,4.0.0,C:\Users\Administrator\Desktop\eShopModernizing\eShopLegacyMVCSolution\src\eShopLegacyMVC\Models\Infrastructure\CatalogDBInitializer.cs,94,,COMPATIBLE,
System.Collections.Generic.IEnumerable<TSource>.Skip<TSource>(int),System.Core,4.0.0,C:\Users\Administrator\Desktop\eShopModernizing\eShopLegacyMVCSolution\src\eShopLegacyMVC\Models\Infrastructure\CatalogDBInitializer.cs,121,,COMPATIBLE,
System.Collections.Generic.IEnumerable<TSource>.Skip<TSource>(int),System.Core,4.0.0,C:\Users\Administrator\Desktop\eShopModernizing\eShopLegacyMVCSolution\src\eShopLegacyMVC\Models\Infrastructure\CatalogDBInitializer.cs,151,,COMPATIBLE,
System.Collections.Generic.IEnumerable<TSource>.Skip<TSource>(int),System.Core,4.0.0,C:\Users\Administrator\Desktop\eShopModernizing\eShopLegacyMVCSolution\src\eShopLegacyMVC\Services\CatalogServiceMock.cs,23,,COMPATIBLE,
System.IO.File.ReadAllLines(string),mscorlib,4.0.0,C:\Users\Administrator\Desktop\eShopModernizing\eShopLegacyMVCSolution\src\eShopLegacyMVC\Models\Infrastructure\CatalogDBInitializer.cs,94,Use File.ReadLines().,COMPATIBLE,
System.IO.File.ReadAllLines(string),mscorlib,4.0.0,C:\Users\Administrator\Desktop\eShopModernizing\eShopLegacyMVCSolution\src\eShopLegacyMVC\Models\Infrastructure\CatalogDBInitializer.cs,121,Use File.ReadLines().,COMPATIBLE,
System.IO.File.ReadAllLines(string),mscorlib,4.0.0,C:\Users\Administrator\Desktop\eShopModernizing\eShopLegacyMVCSolution\src\eShopLegacyMVC\Models\Infrastructure\CatalogDBInitializer.cs,151,Use File.ReadLines().,COMPATIBLE,
string.Trim(),mscorlib,4.0.0,C:\Users\Administrator\Desktop\eShopModernizing\eShopLegacyMVCSolution\src\eShopLegacyMVC\Models\Infrastructure\CatalogDBInitializer.cs,100,,COMPATIBLE,
string.Trim(),mscorlib,4.0.0,C:\Users\Administrator\Desktop\eShopModernizing\eShopLegacyMVCSolution\src\eShopLegacyMVC\Models\Infrastructure\CatalogDBInitializer.cs,127,,COMPATIBLE,
string.Trim(),mscorlib,4.0.0,C:\Users\Administrator\Desktop\eShopModernizing\eShopLegacyMVCSolution\src\eShopLegacyMVC\Models\Infrastructure\CatalogDBInitializer.cs,162,,COMPATIBLE,
string.Trim(),mscorlib,4.0.0,C:\Users\Administrator\Desktop\eShopModernizing\eShopLegacyMVCSolution\src\eShopLegacyMVC\Models\Infrastructure\CatalogDBInitializer.cs,168,,COMPATIBLE,
string.Trim(),mscorlib,4.0.0,C:\Users\Administrator\Desktop\eShopModernizing\eShopLegacyMVCSolution\src\eShopLegacyMVC\Models\Infrastructure\CatalogDBInitializer.cs,174,,COMPATIBLE,
string.Trim(),mscorlib,4.0.0,C:\Users\Administrator\Desktop\eShopModernizing\eShopLegacyMVCSolution\src\eShopLegacyMVC\Models\Infrastructure\CatalogDBInitializer.cs,181,,COMPATIBLE,
string.Trim(),mscorlib,4.0.0,C:\Users\Administrator\Desktop\eShopModernizing\eShopLegacyMVCSolution\src\eShopLegacyMVC\Models\Infrastructure\CatalogDBInitializer.cs,181,,COMPATIBLE,
string.Trim(),mscorlib,4.0.0,C:\Users\Administrator\Desktop\eShopModernizing\eShopLegacyMVCSolution\src\eShopLegacyMVC\Models\Infrastructure\CatalogDBInitializer.cs,181,,COMPATIBLE,
string.Trim(),mscorlib,4.0.0,C:\Users\Administrator\Desktop\eShopModernizing\eShopLegacyMVCSolution\src\eShopLegacyMVC\Models\Infrastructure\CatalogDBInitializer.cs,185,,COMPATIBLE,
string.Trim(),mscorlib,4.0.0,C:\Users\Administrator\Desktop\eShopModernizing\eShopLegacyMVCSolution\src\eShopLegacyMVC\Models\Infrastructure\CatalogDBInitializer.cs,202,,COMPATIBLE,
string.Trim(),mscorlib,4.0.0,C:\Users\Administrator\Desktop\eShopModernizing\eShopLegacyMVCSolution\src\eShopLegacyMVC\Models\Infrastructure\CatalogDBInitializer.cs,219,,COMPATIBLE,
string.Trim(),mscorlib,4.0.0,C:\Users\Administrator\Desktop\eShopModernizing\eShopLegacyMVCSolution\src\eShopLegacyMVC\Models\Infrastructure\CatalogDBInitializer.cs,236,,COMPATIBLE,
string.Trim(params char[]),mscorlib,4.0.0,C:\Users\Administrator\Desktop\eShopModernizing\eShopLegacyMVCSolution\src\eShopLegacyMVC\Models\Infrastructure\CatalogDBInitializer.cs,100,,COMPATIBLE,
string.Trim(params char[]),mscorlib,4.0.0,C:\Users\Administrator\Desktop\eShopModernizing\eShopLegacyMVCSolution\src\eShopLegacyMVC\Models\Infrastructure\CatalogDBInitializer.cs,127,,COMPATIBLE,
string.Trim(params char[]),mscorlib,4.0.0,C:\Users\Administrator\Desktop\eShopModernizing\eShopLegacyMVCSolution\src\eShopLegacyMVC\Models\Infrastructure\CatalogDBInitializer.cs,162,,COMPATIBLE,
string.Trim(params char[]),mscorlib,4.0.0,C:\Users\Administrator\Desktop\eShopModernizing\eShopLegacyMVCSolution\src\eShopLegacyMVC\Models\Infrastructure\CatalogDBInitializer.cs,168,,COMPATIBLE,
string.Trim(params char[]),mscorlib,4.0.0,C:\Users\Administrator\Desktop\eShopModernizing\eShopLegacyMVCSolution\src\eShopLegacyMVC\Models\Infrastructure\CatalogDBInitializer.cs,174,,COMPATIBLE,
string.Trim(params char[]),mscorlib,4.0.0,C:\Users\Administrator\Desktop\eShopModernizing\eShopLegacyMVCSolution\src\eShopLegacyMVC\Models\Infrastructure\CatalogDBInitializer.cs,181,,COMPATIBLE,
string.Trim(params char[]),mscorlib,4.0.0,C:\Users\Administrator\Desktop\eShopModernizing\eShopLegacyMVCSolution\src\eShopLegacyMVC\Models\Infrastructure\CatalogDBInitializer.cs,181,,COMPATIBLE,
string.Trim(params char[]),mscorlib,4.0.0,C:\Users\Administrator\Desktop\eShopModernizing\eShopLegacyMVCSolution\src\eShopLegacyMVC\Models\Infrastructure\CatalogDBInitializer.cs,181,,COMPATIBLE,
string.Trim(params char[]),mscorlib,4.0.0,C:\Users\Administrator\Desktop\eShopModernizing\eShopLegacyMVCSolution\src\eShopLegacyMVC\Models\Infrastructure\CatalogDBInitializer.cs,185,,COMPATIBLE,
string.Trim(params char[]),mscorlib,4.0.0,C:\Users\Administrator\Desktop\eShopModernizing\eShopLegacyMVCSolution\src\eShopLegacyMVC\Models\Infrastructure\CatalogDBInitializer.cs,202,,COMPATIBLE,
string.Trim(params char[]),mscorlib,4.0.0,C:\Users\Administrator\Desktop\eShopModernizing\eShopLegacyMVCSolution\src\eShopLegacyMVC\Models\Infrastructure\CatalogDBInitializer.cs,219,,COMPATIBLE,
string.Trim(params char[]),mscorlib,4.0.0,C:\Users\Administrator\Desktop\eShopModernizing\eShopLegacyMVCSolution\src\eShopLegacyMVC\Models\Infrastructure\CatalogDBInitializer.cs,236,,COMPATIBLE,
string.IsNullOrEmpty(string),mscorlib,4.0.0,C:\Users\Administrator\Desktop\eShopModernizing\eShopLegacyMVCSolution\src\eShopLegacyMVC\Models\Infrastructure\CatalogDBInitializer.cs,101,,COMPATIBLE,
string.IsNullOrEmpty(string),mscorlib,4.0.0,C:\Users\Administrator\Desktop\eShopModernizing\eShopLegacyMVCSolution\src\eShopLegacyMVC\Models\Infrastructure\CatalogDBInitializer.cs,128,,COMPATIBLE,
string.IsNullOrEmpty(string),mscorlib,4.0.0,C:\Users\Administrator\Desktop\eShopModernizing\eShopLegacyMVCSolution\src\eShopLegacyMVC\Models\Infrastructure\CatalogDBInitializer.cs,186,,COMPATIBLE,
string.IsNullOrEmpty(string),mscorlib,4.0.0,C:\Users\Administrator\Desktop\eShopModernizing\eShopLegacyMVCSolution\src\eShopLegacyMVC\Models\Infrastructure\CatalogDBInitializer.cs,203,,COMPATIBLE,
string.IsNullOrEmpty(string),mscorlib,4.0.0,C:\Users\Administrator\Desktop\eShopModernizing\eShopLegacyMVCSolution\src\eShopLegacyMVC\Models\Infrastructure\CatalogDBInitializer.cs,220,,COMPATIBLE,
string.IsNullOrEmpty(string),mscorlib,4.0.0,C:\Users\Administrator\Desktop\eShopModernizing\eShopLegacyMVCSolution\src\eShopLegacyMVC\Models\Infrastructure\CatalogDBInitializer.cs,237,,COMPATIBLE,
"System.Collections.Generic.IEnumerable<TSource>.ToDictionary<TSource, TKey, TElement>(System.Func<TSource, TKey>, System.Func<TSource, TElement>)",System.Core,4.0.0,C:\Users\Administrator\Desktop\eShopModernizing\eShopLegacyMVCSolution\src\eShopLegacyMVC\Models\Infrastructure\CatalogDBInitializer.cs,149,,COMPATIBLE,
"System.Collections.Generic.IEnumerable<TSource>.ToDictionary<TSource, TKey, TElement>(System.Func<TSource, TKey>, System.Func<TSource, TElement>)",System.Core,4.0.0,C:\Users\Administrator\Desktop\eShopModernizing\eShopLegacyMVCSolution\src\eShopLegacyMVC\Models\Infrastructure\CatalogDBInitializer.cs,150,,COMPATIBLE,
"System.Text.RegularExpressions.Regex.Split(string, string)",System,4.0.0,C:\Users\Administrator\Desktop\eShopModernizing\eShopLegacyMVCSolution\src\eShopLegacyMVC\Models\Infrastructure\CatalogDBInitializer.cs,152,,COMPATIBLE,
System.Collections.Generic.IEnumerable<TSource>.Count<TSource>(),System.Core,4.0.0,C:\Users\Administrator\Desktop\eShopModernizing\eShopLegacyMVCSolution\src\eShopLegacyMVC\Models\Infrastructure\CatalogDBInitializer.cs,157,,COMPATIBLE,
System.Collections.Generic.IEnumerable<TSource>.Count<TSource>(),System.Core,4.0.0,C:\Users\Administrator\Desktop\eShopModernizing\eShopLegacyMVCSolution\src\eShopLegacyMVC\Models\Infrastructure\CatalogDBInitializer.cs,157,,COMPATIBLE,
System.Collections.Generic.IEnumerable<TSource>.Count<TSource>(),System.Core,4.0.0,C:\Users\Administrator\Desktop\eShopModernizing\eShopLegacyMVCSolution\src\eShopLegacyMVC\Models\Infrastructure\CatalogDBInitializer.cs,159,,COMPATIBLE,
System.Collections.Generic.IEnumerable<TSource>.Count<TSource>(),System.Core,4.0.0,C:\Users\Administrator\Desktop\eShopModernizing\eShopLegacyMVCSolution\src\eShopLegacyMVC\Models\Infrastructure\CatalogDBInitializer.cs,159,,COMPATIBLE,
System.Collections.Generic.IEnumerable<TSource>.Count<TSource>(),System.Core,4.0.0,C:\Users\Administrator\Desktop\eShopModernizing\eShopLegacyMVCSolution\src\eShopLegacyMVC\Models\Infrastructure\CatalogDBInitializer.cs,256,,COMPATIBLE,
System.Collections.Generic.IEnumerable<TSource>.Count<TSource>(),System.Core,4.0.0,C:\Users\Administrator\Desktop\eShopModernizing\eShopLegacyMVCSolution\src\eShopLegacyMVC\Models\Infrastructure\CatalogDBInitializer.cs,256,,COMPATIBLE,
System.Collections.Generic.IEnumerable<TSource>.Count<TSource>(),System.Core,4.0.0,C:\Users\Administrator\Desktop\eShopModernizing\eShopLegacyMVCSolution\src\eShopLegacyMVC\Models\Infrastructure\CatalogDBInitializer.cs,258,,COMPATIBLE,
System.Collections.Generic.IEnumerable<TSource>.Count<TSource>(),System.Core,4.0.0,C:\Users\Administrator\Desktop\eShopModernizing\eShopLegacyMVCSolution\src\eShopLegacyMVC\Models\Infrastructure\CatalogDBInitializer.cs,258,,COMPATIBLE,
System.Collections.Generic.IEnumerable<TSource>.Count<TSource>(),System.Core,4.0.0,C:\Users\Administrator\Desktop\eShopModernizing\eShopLegacyMVCSolution\src\eShopLegacyMVC\Models\Infrastructure\CatalogDBInitializer.cs,263,,COMPATIBLE,
System.Collections.Generic.IEnumerable<TSource>.Count<TSource>(),System.Core,4.0.0,C:\Users\Administrator\Desktop\eShopModernizing\eShopLegacyMVCSolution\src\eShopLegacyMVC\Models\Infrastructure\CatalogDBInitializer.cs,263,,COMPATIBLE,
System.Collections.Generic.IEnumerable<TSource>.Count<TSource>(),System.Core,4.0.0,C:\Users\Administrator\Desktop\eShopModernizing\eShopLegacyMVCSolution\src\eShopLegacyMVC\Models\Infrastructure\CatalogDBInitializer.cs,263,,COMPATIBLE,
System.Collections.Generic.IEnumerable<TSource>.Count<TSource>(),System.Core,4.0.0,C:\Users\Administrator\Desktop\eShopModernizing\eShopLegacyMVCSolution\src\eShopLegacyMVC\Models\Infrastructure\CatalogDBInitializer.cs,265,,COMPATIBLE,
System.Collections.Generic.IEnumerable<TSource>.Count<TSource>(),System.Core,4.0.0,C:\Users\Administrator\Desktop\eShopModernizing\eShopLegacyMVCSolution\src\eShopLegacyMVC\Models\Infrastructure\CatalogDBInitializer.cs,265,,COMPATIBLE,
System.Collections.Generic.IEnumerable<TSource>.Count<TSource>(),System.Core,4.0.0,C:\Users\Administrator\Desktop\eShopModernizing\eShopLegacyMVCSolution\src\eShopLegacyMVC\Models\Infrastructure\CatalogDBInitializer.cs,265,,COMPATIBLE,
"System.Array.IndexOf<T>(T[], T)",mscorlib,4.0.0,C:\Users\Administrator\Desktop\eShopModernizing\eShopLegacyMVCSolution\src\eShopLegacyMVC\Models\Infrastructure\CatalogDBInitializer.cs,162,,COMPATIBLE,
"System.Array.IndexOf<T>(T[], T)",mscorlib,4.0.0,C:\Users\Administrator\Desktop\eShopModernizing\eShopLegacyMVCSolution\src\eShopLegacyMVC\Models\Infrastructure\CatalogDBInitializer.cs,168,,COMPATIBLE,
"System.Array.IndexOf<T>(T[], T)",mscorlib,4.0.0,C:\Users\Administrator\Desktop\eShopModernizing\eShopLegacyMVCSolution\src\eShopLegacyMVC\Models\Infrastructure\CatalogDBInitializer.cs,174,,COMPATIBLE,
"System.Array.IndexOf<T>(T[], T)",mscorlib,4.0.0,C:\Users\Administrator\Desktop\eShopModernizing\eShopLegacyMVCSolution\src\eShopLegacyMVC\Models\Infrastructure\CatalogDBInitializer.cs,181,,COMPATIBLE,
"System.Array.IndexOf<T>(T[], T)",mscorlib,4.0.0,C:\Users\Administrator\Desktop\eShopModernizing\eShopLegacyMVCSolution\src\eShopLegacyMVC\Models\Infrastructure\CatalogDBInitializer.cs,181,,COMPATIBLE,
"System.Array.IndexOf<T>(T[], T)",mscorlib,4.0.0,C:\Users\Administrator\Desktop\eShopModernizing\eShopLegacyMVCSolution\src\eShopLegacyMVC\Models\Infrastructure\CatalogDBInitializer.cs,181,,COMPATIBLE,
"System.Array.IndexOf<T>(T[], T)",mscorlib,4.0.0,C:\Users\Administrator\Desktop\eShopModernizing\eShopLegacyMVCSolution\src\eShopLegacyMVC\Models\Infrastructure\CatalogDBInitializer.cs,182,,COMPATIBLE,
"System.Array.IndexOf<T>(T[], T)",mscorlib,4.0.0,C:\Users\Administrator\Desktop\eShopModernizing\eShopLegacyMVCSolution\src\eShopLegacyMVC\Models\Infrastructure\CatalogDBInitializer.cs,199,,COMPATIBLE,
"System.Array.IndexOf<T>(T[], T)",mscorlib,4.0.0,C:\Users\Administrator\Desktop\eShopModernizing\eShopLegacyMVCSolution\src\eShopLegacyMVC\Models\Infrastructure\CatalogDBInitializer.cs,216,,COMPATIBLE,
"System.Array.IndexOf<T>(T[], T)",mscorlib,4.0.0,C:\Users\Administrator\Desktop\eShopModernizing\eShopLegacyMVCSolution\src\eShopLegacyMVC\Models\Infrastructure\CatalogDBInitializer.cs,233,,COMPATIBLE,
"System.Collections.Generic.Dictionary<TKey, TValue>.ContainsKey(TKey)",mscorlib,4.0.0,C:\Users\Administrator\Desktop\eShopModernizing\eShopLegacyMVCSolution\src\eShopLegacyMVC\Models\Infrastructure\CatalogDBInitializer.cs,163,,COMPATIBLE,
"System.Collections.Generic.Dictionary<TKey, TValue>.ContainsKey(TKey)",mscorlib,4.0.0,C:\Users\Administrator\Desktop\eShopModernizing\eShopLegacyMVCSolution\src\eShopLegacyMVC\Models\Infrastructure\CatalogDBInitializer.cs,169,,COMPATIBLE,
"decimal.TryParse(string, System.Globalization.NumberStyles, System.IFormatProvider, out decimal)",mscorlib,4.0.0,C:\Users\Administrator\Desktop\eShopModernizing\eShopLegacyMVCSolution\src\eShopLegacyMVC\Models\Infrastructure\CatalogDBInitializer.cs,175,,COMPATIBLE,
"int.TryParse(string, out int)",mscorlib,4.0.0,C:\Users\Administrator\Desktop\eShopModernizing\eShopLegacyMVCSolution\src\eShopLegacyMVC\Models\Infrastructure\CatalogDBInitializer.cs,188,,COMPATIBLE,
"int.TryParse(string, out int)",mscorlib,4.0.0,C:\Users\Administrator\Desktop\eShopModernizing\eShopLegacyMVCSolution\src\eShopLegacyMVC\Models\Infrastructure\CatalogDBInitializer.cs,205,,COMPATIBLE,
"int.TryParse(string, out int)",mscorlib,4.0.0,C:\Users\Administrator\Desktop\eShopModernizing\eShopLegacyMVCSolution\src\eShopLegacyMVC\Models\Infrastructure\CatalogDBInitializer.cs,222,,COMPATIBLE,
"bool.TryParse(string, out bool)",mscorlib,4.0.0,C:\Users\Administrator\Desktop\eShopModernizing\eShopLegacyMVCSolution\src\eShopLegacyMVC\Models\Infrastructure\CatalogDBInitializer.cs,239,,COMPATIBLE,
string.Split(params char[]),mscorlib,4.0.0,C:\Users\Administrator\Desktop\eShopModernizing\eShopLegacyMVCSolution\src\eShopLegacyMVC\Models\Infrastructure\CatalogDBInitializer.cs,255,,COMPATIBLE,
string.ToLowerInvariant(),mscorlib,4.0.0,C:\Users\Administrator\Desktop\eShopModernizing\eShopLegacyMVCSolution\src\eShopLegacyMVC\Models\Infrastructure\CatalogDBInitializer.cs,255,,COMPATIBLE,
string.ToLowerInvariant(),mscorlib,4.0.0,C:\Users\Administrator\Desktop\eShopModernizing\eShopLegacyMVCSolution\src\eShopLegacyMVC\Models\Infrastructure\CatalogDBInitializer.cs,271,,COMPATIBLE,
System.Collections.Generic.IEnumerable<TSource>.First<TSource>(),System.Core,4.0.0,C:\Users\Administrator\Desktop\eShopModernizing\eShopLegacyMVCSolution\src\eShopLegacyMVC\Models\Infrastructure\CatalogDBInitializer.cs,255,,COMPATIBLE,
System.IO.File.ReadLines(string),mscorlib,4.0.0,C:\Users\Administrator\Desktop\eShopModernizing\eShopLegacyMVCSolution\src\eShopLegacyMVC\Models\Infrastructure\CatalogDBInitializer.cs,255,,COMPATIBLE,
System.Collections.Generic.IEnumerable<TSource>.Contains<TSource>(TSource),System.Core,4.0.0,C:\Users\Administrator\Desktop\eShopModernizing\eShopLegacyMVCSolution\src\eShopLegacyMVC\Models\Infrastructure\CatalogDBInitializer.cs,271,,COMPATIBLE,
"System.Data.Entity.Database.SqlQuery<TElement>(string, params object[])",EntityFramework,6.2.0,C:\Users\Administrator\Desktop\eShopModernizing\eShopLegacyMVCSolution\src\eShopLegacyMVC\Models\Infrastructure\CatalogDBInitializer.cs,282,6.3.0,INCOMPATIBLE,
"System.Data.Entity.Database.SqlQuery<TElement>(string, params object[])",EntityFramework,6.2.0,C:\Users\Administrator\Desktop\eShopModernizing\eShopLegacyMVCSolution\src\eShopLegacyMVC\Models\CatalogItemHiLoGenerator.cs,22,6.3.0,INCOMPATIBLE,
System.Collections.Generic.IEnumerable<TSource>.Single<TSource>(),System.Core,4.0.0,C:\Users\Administrator\Desktop\eShopModernizing\eShopLegacyMVCSolution\src\eShopLegacyMVC\Models\Infrastructure\CatalogDBInitializer.cs,283,,COMPATIBLE,
System.Collections.Generic.IEnumerable<TSource>.Single<TSource>(),System.Core,4.0.0,C:\Users\Administrator\Desktop\eShopModernizing\eShopLegacyMVCSolution\src\eShopLegacyMVC\Models\CatalogItemHiLoGenerator.cs,23,,COMPATIBLE,
"System.Data.Entity.Database.ExecuteSqlCommand(string, params object[])",EntityFramework,6.2.0,C:\Users\Administrator\Desktop\eShopModernizing\eShopLegacyMVCSolution\src\eShopLegacyMVC\Models\Infrastructure\CatalogDBInitializer.cs,290,6.3.0,INCOMPATIBLE,
System.IO.File.ReadAllText(string),mscorlib,4.0.0,C:\Users\Administrator\Desktop\eShopModernizing\eShopLegacyMVCSolution\src\eShopLegacyMVC\Models\Infrastructure\CatalogDBInitializer.cs,290,,COMPATIBLE,
System.IO.DirectoryInfo.GetFiles(),mscorlib,4.0.0,C:\Users\Administrator\Desktop\eShopModernizing\eShopLegacyMVCSolution\src\eShopLegacyMVC\Models\Infrastructure\CatalogDBInitializer.cs,302,,COMPATIBLE,
System.IO.FileInfo.Delete(),mscorlib,4.0.0,C:\Users\Administrator\Desktop\eShopModernizing\eShopLegacyMVCSolution\src\eShopLegacyMVC\Models\Infrastructure\CatalogDBInitializer.cs,304,,COMPATIBLE,
"System.IO.Compression.ZipFile.ExtractToDirectory(string, string)",System.IO.Compression.FileSystem,4.0.0,C:\Users\Administrator\Desktop\eShopModernizing\eShopLegacyMVCSolution\src\eShopLegacyMVC\Models\Infrastructure\CatalogDBInitializer.cs,308,,COMPATIBLE,
System.IO.DirectoryInfo.ToString(),mscorlib,4.0.0,C:\Users\Administrator\Desktop\eShopModernizing\eShopLegacyMVCSolution\src\eShopLegacyMVC\Models\Infrastructure\CatalogDBInitializer.cs,308,,COMPATIBLE,
IEnumerable,mscorlib,4.0.0,C:\Users\Administrator\Desktop\eShopModernizing\eShopLegacyMVCSolution\src\eShopLegacyMVC\Models\Infrastructure\CatalogDBInitializer.cs,43,,COMPATIBLE,
IEnumerable,mscorlib,4.0.0,C:\Users\Administrator\Desktop\eShopModernizing\eShopLegacyMVCSolution\src\eShopLegacyMVC\Models\Infrastructure\CatalogDBInitializer.cs,57,,COMPATIBLE,
IEnumerable,mscorlib,4.0.0,C:\Users\Administrator\Desktop\eShopModernizing\eShopLegacyMVCSolution\src\eShopLegacyMVC\Models\Infrastructure\CatalogDBInitializer.cs,71,,COMPATIBLE,
IEnumerable,mscorlib,4.0.0,C:\Users\Administrator\Desktop\eShopModernizing\eShopLegacyMVCSolution\src\eShopLegacyMVC\Services\CatalogServiceMock.cs,75,,COMPATIBLE,
IEnumerable,mscorlib,4.0.0,C:\Users\Administrator\Desktop\eShopModernizing\eShopLegacyMVCSolution\src\eShopLegacyMVC\Services\CatalogServiceMock.cs,76,,COMPATIBLE,
Int32,mscorlib,4.0.0,C:\Users\Administrator\Desktop\eShopModernizing\eShopLegacyMVCSolution\src\eShopLegacyMVC\Models\Infrastructure\CatalogDBInitializer.cs,74,,COMPATIBLE,
Int32,mscorlib,4.0.0,C:\Users\Administrator\Desktop\eShopModernizing\eShopLegacyMVCSolution\src\eShopLegacyMVC\Models\Infrastructure\CatalogDBInitializer.cs,283,,COMPATIBLE,
Int32,mscorlib,4.0.0,C:\Users\Administrator\Desktop\eShopModernizing\eShopLegacyMVCSolution\src\eShopLegacyMVC\Services\CatalogServiceMock.cs,50,,COMPATIBLE,
Exception,mscorlib,4.0.0,C:\Users\Administrator\Desktop\eShopModernizing\eShopLegacyMVCSolution\src\eShopLegacyMVC\Models\Infrastructure\CatalogDBInitializer.cs,103,,COMPATIBLE,
Exception,mscorlib,4.0.0,C:\Users\Administrator\Desktop\eShopModernizing\eShopLegacyMVCSolution\src\eShopLegacyMVC\Models\Infrastructure\CatalogDBInitializer.cs,130,,COMPATIBLE,
Exception,mscorlib,4.0.0,C:\Users\Administrator\Desktop\eShopModernizing\eShopLegacyMVCSolution\src\eShopLegacyMVC\Models\Infrastructure\CatalogDBInitializer.cs,159,,COMPATIBLE,
Exception,mscorlib,4.0.0,C:\Users\Administrator\Desktop\eShopModernizing\eShopLegacyMVCSolution\src\eShopLegacyMVC\Models\Infrastructure\CatalogDBInitializer.cs,165,,COMPATIBLE,
Exception,mscorlib,4.0.0,C:\Users\Administrator\Desktop\eShopModernizing\eShopLegacyMVCSolution\src\eShopLegacyMVC\Models\Infrastructure\CatalogDBInitializer.cs,171,,COMPATIBLE,
Exception,mscorlib,4.0.0,C:\Users\Administrator\Desktop\eShopModernizing\eShopLegacyMVCSolution\src\eShopLegacyMVC\Models\Infrastructure\CatalogDBInitializer.cs,177,,COMPATIBLE,
Exception,mscorlib,4.0.0,C:\Users\Administrator\Desktop\eShopModernizing\eShopLegacyMVCSolution\src\eShopLegacyMVC\Models\Infrastructure\CatalogDBInitializer.cs,194,,COMPATIBLE,
Exception,mscorlib,4.0.0,C:\Users\Administrator\Desktop\eShopModernizing\eShopLegacyMVCSolution\src\eShopLegacyMVC\Models\Infrastructure\CatalogDBInitializer.cs,211,,COMPATIBLE,
Exception,mscorlib,4.0.0,C:\Users\Administrator\Desktop\eShopModernizing\eShopLegacyMVCSolution\src\eShopLegacyMVC\Models\Infrastructure\CatalogDBInitializer.cs,228,,COMPATIBLE,
Exception,mscorlib,4.0.0,C:\Users\Administrator\Desktop\eShopModernizing\eShopLegacyMVCSolution\src\eShopLegacyMVC\Models\Infrastructure\CatalogDBInitializer.cs,245,,COMPATIBLE,
Exception,mscorlib,4.0.0,C:\Users\Administrator\Desktop\eShopModernizing\eShopLegacyMVCSolution\src\eShopLegacyMVC\Models\Infrastructure\CatalogDBInitializer.cs,258,,COMPATIBLE,
Exception,mscorlib,4.0.0,C:\Users\Administrator\Desktop\eShopModernizing\eShopLegacyMVCSolution\src\eShopLegacyMVC\Models\Infrastructure\CatalogDBInitializer.cs,265,,COMPATIBLE,
Exception,mscorlib,4.0.0,C:\Users\Administrator\Desktop\eShopModernizing\eShopLegacyMVCSolution\src\eShopLegacyMVC\Models\Infrastructure\CatalogDBInitializer.cs,273,,COMPATIBLE,
Dictionary,mscorlib,4.0.0,C:\Users\Administrator\Desktop\eShopModernizing\eShopLegacyMVCSolution\src\eShopLegacyMVC\Models\Infrastructure\CatalogDBInitializer.cs,149,,COMPATIBLE,
Dictionary,mscorlib,4.0.0,C:\Users\Administrator\Desktop\eShopModernizing\eShopLegacyMVCSolution\src\eShopLegacyMVC\Models\Infrastructure\CatalogDBInitializer.cs,150,,COMPATIBLE,
DbRawSqlQuery,EntityFramework,6.2.0,C:\Users\Administrator\Desktop\eShopModernizing\eShopLegacyMVCSolution\src\eShopLegacyMVC\Models\Infrastructure\CatalogDBInitializer.cs,282,,COMPATIBLE,
DbRawSqlQuery,EntityFramework,6.2.0,C:\Users\Administrator\Desktop\eShopModernizing\eShopLegacyMVCSolution\src\eShopLegacyMVC\Models\CatalogItemHiLoGenerator.cs,22,,COMPATIBLE,
Int64,mscorlib,4.0.0,C:\Users\Administrator\Desktop\eShopModernizing\eShopLegacyMVCSolution\src\eShopLegacyMVC\Models\Infrastructure\CatalogDBInitializer.cs,282,,COMPATIBLE,
Int64,mscorlib,4.0.0,C:\Users\Administrator\Desktop\eShopModernizing\eShopLegacyMVCSolution\src\eShopLegacyMVC\Models\CatalogItemHiLoGenerator.cs,22,,COMPATIBLE,
Int64,mscorlib,4.0.0,C:\Users\Administrator\Desktop\eShopModernizing\eShopLegacyMVCSolution\src\eShopLegacyMVC\Services\CatalogService.cs,23,,COMPATIBLE,
DirectoryInfo,mscorlib,4.0.0,C:\Users\Administrator\Desktop\eShopModernizing\eShopLegacyMVCSolution\src\eShopLegacyMVC\Models\Infrastructure\CatalogDBInitializer.cs,301,,COMPATIBLE,
DirectoryInfo,mscorlib,4.0.0,C:\Users\Administrator\Desktop\eShopModernizing\eShopLegacyMVCSolution\src\eShopLegacyMVC\Models\Infrastructure\CatalogDBInitializer.cs,301,,COMPATIBLE,
System.Web.Mvc.Controller.View(object),Microsoft.AspNet.Mvc,5.2.7,C:\Users\Administrator\Desktop\eShopModernizing\eShopLegacyMVCSolution\src\eShopLegacyMVC\Controllers\CatalogController.cs,25,,INCOMPATIBLE,
System.Web.Mvc.Controller.View(object),Microsoft.AspNet.Mvc,5.2.7,C:\Users\Administrator\Desktop\eShopModernizing\eShopLegacyMVCSolution\src\eShopLegacyMVC\Controllers\CatalogController.cs,44,,INCOMPATIBLE,
System.Web.Mvc.Controller.View(object),Microsoft.AspNet.Mvc,5.2.7,C:\Users\Administrator\Desktop\eShopModernizing\eShopLegacyMVCSolution\src\eShopLegacyMVC\Controllers\CatalogController.cs,53,,INCOMPATIBLE,
System.Web.Mvc.Controller.View(object),Microsoft.AspNet.Mvc,5.2.7,C:\Users\Administrator\Desktop\eShopModernizing\eShopLegacyMVCSolution\src\eShopLegacyMVC\Controllers\CatalogController.cs,72,,INCOMPATIBLE,
System.Web.Mvc.Controller.View(object),Microsoft.AspNet.Mvc,5.2.7,C:\Users\Administrator\Desktop\eShopModernizing\eShopLegacyMVCSolution\src\eShopLegacyMVC\Controllers\CatalogController.cs,93,,INCOMPATIBLE,
System.Web.Mvc.Controller.View(object),Microsoft.AspNet.Mvc,5.2.7,C:\Users\Administrator\Desktop\eShopModernizing\eShopLegacyMVCSolution\src\eShopLegacyMVC\Controllers\CatalogController.cs,112,,INCOMPATIBLE,
System.Web.Mvc.Controller.View(object),Microsoft.AspNet.Mvc,5.2.7,C:\Users\Administrator\Desktop\eShopModernizing\eShopLegacyMVCSolution\src\eShopLegacyMVC\Controllers\CatalogController.cs,131,,INCOMPATIBLE,
System.Web.Mvc.Controller.RedirectToAction(string),Microsoft.AspNet.Mvc,5.2.7,C:\Users\Administrator\Desktop\eShopModernizing\eShopLegacyMVCSolution\src\eShopLegacyMVC\Controllers\CatalogController.cs,67,,INCOMPATIBLE,
System.Web.Mvc.Controller.RedirectToAction(string),Microsoft.AspNet.Mvc,5.2.7,C:\Users\Administrator\Desktop\eShopModernizing\eShopLegacyMVCSolution\src\eShopLegacyMVC\Controllers\CatalogController.cs,107,,INCOMPATIBLE,
System.Web.Mvc.Controller.RedirectToAction(string),Microsoft.AspNet.Mvc,5.2.7,C:\Users\Administrator\Desktop\eShopModernizing\eShopLegacyMVCSolution\src\eShopLegacyMVC\Controllers\CatalogController.cs,142,,INCOMPATIBLE,
log4net.ILog.Debug(object),log4net,2.0.8,C:\Users\Administrator\Desktop\eShopModernizing\eShopLegacyMVCSolution\src\eShopLegacyMVC\Controllers\CatalogController.cs,147,2.0.10,COMPATIBLE,
log4net.ILog.Debug(object),log4net,2.0.8,C:\Users\Administrator\Desktop\eShopModernizing\eShopLegacyMVCSolution\src\eShopLegacyMVC\Global.asax.cs,48,2.0.10,COMPATIBLE,
System.IDisposable.Dispose(),mscorlib,4.0.0,C:\Users\Administrator\Desktop\eShopModernizing\eShopLegacyMVCSolution\src\eShopLegacyMVC\Controllers\CatalogController.cs,150,,COMPATIBLE,
System.Web.Mvc.Controller.Dispose(bool),Microsoft.AspNet.Mvc,5.2.7,C:\Users\Administrator\Desktop\eShopModernizing\eShopLegacyMVCSolution\src\eShopLegacyMVC\Controllers\CatalogController.cs,153,,INCOMPATIBLE,
"System.Web.Mvc.UrlHelper.RouteUrl(string, object, string)",Microsoft.AspNet.Mvc,5.2.7,C:\Users\Administrator\Desktop\eShopModernizing\eShopLegacyMVCSolution\src\eShopLegacyMVC\Controllers\CatalogController.cs,166,,INCOMPATIBLE,
HttpPost,Microsoft.AspNet.Mvc,5.2.7,C:\Users\Administrator\Desktop\eShopModernizing\eShopLegacyMVCSolution\src\eShopLegacyMVC\Controllers\CatalogController.cs,59,,INCOMPATIBLE,
HttpPost,Microsoft.AspNet.Mvc,5.2.7,C:\Users\Administrator\Desktop\eShopModernizing\eShopLegacyMVCSolution\src\eShopLegacyMVC\Controllers\CatalogController.cs,99,,INCOMPATIBLE,
HttpPost,Microsoft.AspNet.Mvc,5.2.7,C:\Users\Administrator\Desktop\eShopModernizing\eShopLegacyMVCSolution\src\eShopLegacyMVC\Controllers\CatalogController.cs,135,,INCOMPATIBLE,
ValidateAntiForgeryToken,Microsoft.AspNet.Mvc,5.2.7,C:\Users\Administrator\Desktop\eShopModernizing\eShopLegacyMVCSolution\src\eShopLegacyMVC\Controllers\CatalogController.cs,60,,INCOMPATIBLE,
ValidateAntiForgeryToken,Microsoft.AspNet.Mvc,5.2.7,C:\Users\Administrator\Desktop\eShopModernizing\eShopLegacyMVCSolution\src\eShopLegacyMVC\Controllers\CatalogController.cs,100,,INCOMPATIBLE,
ValidateAntiForgeryToken,Microsoft.AspNet.Mvc,5.2.7,C:\Users\Administrator\Desktop\eShopModernizing\eShopLegacyMVCSolution\src\eShopLegacyMVC\Controllers\CatalogController.cs,136,,INCOMPATIBLE,
Bind,Microsoft.AspNet.Mvc,5.2.7,C:\Users\Administrator\Desktop\eShopModernizing\eShopLegacyMVCSolution\src\eShopLegacyMVC\Controllers\CatalogController.cs,61,,INCOMPATIBLE,
Bind,Microsoft.AspNet.Mvc,5.2.7,C:\Users\Administrator\Desktop\eShopModernizing\eShopLegacyMVCSolution\src\eShopLegacyMVC\Controllers\CatalogController.cs,101,,INCOMPATIBLE,
ActionName,Microsoft.AspNet.Mvc,5.2.7,C:\Users\Administrator\Desktop\eShopModernizing\eShopLegacyMVCSolution\src\eShopLegacyMVC\Controllers\CatalogController.cs,135,,INCOMPATIBLE,
SelectList,Microsoft.AspNet.Mvc,5.2.7,C:\Users\Administrator\Desktop\eShopModernizing\eShopLegacyMVCSolution\src\eShopLegacyMVC\Controllers\CatalogController.cs,51,,INCOMPATIBLE,
SelectList,Microsoft.AspNet.Mvc,5.2.7,C:\Users\Administrator\Desktop\eShopModernizing\eShopLegacyMVCSolution\src\eShopLegacyMVC\Controllers\CatalogController.cs,52,,INCOMPATIBLE,
SelectList,Microsoft.AspNet.Mvc,5.2.7,C:\Users\Administrator\Desktop\eShopModernizing\eShopLegacyMVCSolution\src\eShopLegacyMVC\Controllers\CatalogController.cs,70,,INCOMPATIBLE,
SelectList,Microsoft.AspNet.Mvc,5.2.7,C:\Users\Administrator\Desktop\eShopModernizing\eShopLegacyMVCSolution\src\eShopLegacyMVC\Controllers\CatalogController.cs,71,,INCOMPATIBLE,
SelectList,Microsoft.AspNet.Mvc,5.2.7,C:\Users\Administrator\Desktop\eShopModernizing\eShopLegacyMVCSolution\src\eShopLegacyMVC\Controllers\CatalogController.cs,91,,INCOMPATIBLE,
SelectList,Microsoft.AspNet.Mvc,5.2.7,C:\Users\Administrator\Desktop\eShopModernizing\eShopLegacyMVCSolution\src\eShopLegacyMVC\Controllers\CatalogController.cs,92,,INCOMPATIBLE,
SelectList,Microsoft.AspNet.Mvc,5.2.7,C:\Users\Administrator\Desktop\eShopModernizing\eShopLegacyMVCSolution\src\eShopLegacyMVC\Controllers\CatalogController.cs,110,,INCOMPATIBLE,
SelectList,Microsoft.AspNet.Mvc,5.2.7,C:\Users\Administrator\Desktop\eShopModernizing\eShopLegacyMVCSolution\src\eShopLegacyMVC\Controllers\CatalogController.cs,111,,INCOMPATIBLE,
System.Web.Mvc.AreaRegistration.RegisterAllAreas(),Microsoft.AspNet.Mvc,5.2.7,C:\Users\Administrator\Desktop\eShopModernizing\eShopLegacyMVCSolution\src\eShopLegacyMVC\Global.asax.cs,27,,INCOMPATIBLE,
Autofac.ContainerBuilder.RegisterControllers(params System.Reflection.Assembly[]),Autofac.Mvc5,4.0.2,C:\Users\Administrator\Desktop\eShopModernizing\eShopLegacyMVCSolution\src\eShopLegacyMVC\Global.asax.cs,57,,INCOMPATIBLE,
Autofac.ContainerBuilder.RegisterModule(Autofac.Core.IModule),Autofac,4.9.1,C:\Users\Administrator\Desktop\eShopModernizing\eShopLegacyMVCSolution\src\eShopLegacyMVC\Global.asax.cs,59,4.9.2,COMPATIBLE,
Autofac.ContainerBuilder.Build(Autofac.Builder.ContainerBuildOptions),Autofac,4.9.1,C:\Users\Administrator\Desktop\eShopModernizing\eShopLegacyMVCSolution\src\eShopLegacyMVC\Global.asax.cs,60,4.9.2,COMPATIBLE,
System.Web.Mvc.DependencyResolver.SetResolver(System.Web.Mvc.IDependencyResolver),Microsoft.AspNet.Mvc,5.2.7,C:\Users\Administrator\Desktop\eShopModernizing\eShopLegacyMVCSolution\src\eShopLegacyMVC\Global.asax.cs,61,,INCOMPATIBLE,
System.Data.Entity.Database.SetInitializer<TContext>(System.Data.Entity.IDatabaseInitializer<TContext>),EntityFramework,6.2.0,C:\Users\Administrator\Desktop\eShopModernizing\eShopLegacyMVCSolution\src\eShopLegacyMVC\Global.asax.cs,70,6.3.0,INCOMPATIBLE,
Autofac.IComponentContext.Resolve<TService>(),Autofac,4.9.1,C:\Users\Administrator\Desktop\eShopModernizing\eShopLegacyMVCSolution\src\eShopLegacyMVC\Global.asax.cs,70,4.9.2,COMPATIBLE,
System.Guid.NewGuid(),mscorlib,4.0.0,C:\Users\Administrator\Desktop\eShopModernizing\eShopLegacyMVCSolution\src\eShopLegacyMVC\Global.asax.cs,81,,COMPATIBLE,
System.Guid.ToString(),mscorlib,4.0.0,C:\Users\Administrator\Desktop\eShopModernizing\eShopLegacyMVCSolution\src\eShopLegacyMVC\Global.asax.cs,84,,COMPATIBLE,
IContainer,Autofac,4.9.1,C:\Users\Administrator\Desktop\eShopModernizing\eShopLegacyMVCSolution\src\eShopLegacyMVC\Global.asax.cs,23,,COMPATIBLE,
IContainer,Autofac,4.9.1,C:\Users\Administrator\Desktop\eShopModernizing\eShopLegacyMVCSolution\src\eShopLegacyMVC\Global.asax.cs,54,,COMPATIBLE,
IContainer,Autofac,4.9.1,C:\Users\Administrator\Desktop\eShopModernizing\eShopLegacyMVCSolution\src\eShopLegacyMVC\Global.asax.cs,60,,COMPATIBLE,
Object,mscorlib,4.0.0,C:\Users\Administrator\Desktop\eShopModernizing\eShopLegacyMVCSolution\src\eShopLegacyMVC\Global.asax.cs,37,,COMPATIBLE,
EventArgs,mscorlib,4.0.0,C:\Users\Administrator\Desktop\eShopModernizing\eShopLegacyMVCSolution\src\eShopLegacyMVC\Global.asax.cs,37,,COMPATIBLE,
EventArgs,mscorlib,4.0.0,C:\Users\Administrator\Desktop\eShopModernizing\eShopLegacyMVCSolution\src\eShopLegacyMVC\Global.asax.cs,43,,COMPATIBLE,
ContainerBuilder,Autofac,4.9.1,C:\Users\Administrator\Desktop\eShopModernizing\eShopLegacyMVCSolution\src\eShopLegacyMVC\Global.asax.cs,56,,COMPATIBLE,
ContainerBuilder,Autofac,4.9.1,C:\Users\Administrator\Desktop\eShopModernizing\eShopLegacyMVCSolution\src\eShopLegacyMVC\Global.asax.cs,56,,COMPATIBLE,
ContainerBuilder,Autofac,4.9.1,C:\Users\Administrator\Desktop\eShopModernizing\eShopLegacyMVCSolution\src\eShopLegacyMVC\Modules\ApplicationModule.cs,16,,COMPATIBLE,
Boolean,mscorlib,4.0.0,C:\Users\Administrator\Desktop\eShopModernizing\eShopLegacyMVCSolution\src\eShopLegacyMVC\Global.asax.cs,58,,COMPATIBLE,
Boolean,mscorlib,4.0.0,C:\Users\Administrator\Desktop\eShopModernizing\eShopLegacyMVCSolution\src\eShopLegacyMVC\Global.asax.cs,67,,COMPATIBLE,
AutofacDependencyResolver,Autofac.Mvc5,4.0.2,C:\Users\Administrator\Desktop\eShopModernizing\eShopLegacyMVCSolution\src\eShopLegacyMVC\Global.asax.cs,61,,INCOMPATIBLE,
System.Data.Entity.DbModelBuilder.Entity<TEntityType>(),EntityFramework,6.2.0,C:\Users\Administrator\Desktop\eShopModernizing\eShopLegacyMVCSolution\src\eShopLegacyMVC\Models\CatalogDBContext.cs,34,6.3.0,INCOMPATIBLE,
System.Data.Entity.DbModelBuilder.Entity<TEntityType>(),EntityFramework,6.2.0,C:\Users\Administrator\Desktop\eShopModernizing\eShopLegacyMVCSolution\src\eShopLegacyMVC\Models\CatalogDBContext.cs,35,6.3.0,INCOMPATIBLE,
System.Data.Entity.DbModelBuilder.Entity<TEntityType>(),EntityFramework,6.2.0,C:\Users\Administrator\Desktop\eShopModernizing\eShopLegacyMVCSolution\src\eShopLegacyMVC\Models\CatalogDBContext.cs,36,6.3.0,INCOMPATIBLE,
System.Data.Entity.DbContext.OnModelCreating(System.Data.Entity.DbModelBuilder),EntityFramework,6.2.0,C:\Users\Administrator\Desktop\eShopModernizing\eShopLegacyMVCSolution\src\eShopLegacyMVC\Models\CatalogDBContext.cs,37,,INCOMPATIBLE,
System.Data.Entity.ModelConfiguration.EntityTypeConfiguration<TEntityType>.ToTable(string),EntityFramework,6.2.0,C:\Users\Administrator\Desktop\eShopModernizing\eShopLegacyMVCSolution\src\eShopLegacyMVC\Models\CatalogDBContext.cs,42,6.3.0,INCOMPATIBLE,
System.Data.Entity.ModelConfiguration.EntityTypeConfiguration<TEntityType>.ToTable(string),EntityFramework,6.2.0,C:\Users\Administrator\Desktop\eShopModernizing\eShopLegacyMVCSolution\src\eShopLegacyMVC\Models\CatalogDBContext.cs,50,6.3.0,INCOMPATIBLE,
System.Data.Entity.ModelConfiguration.EntityTypeConfiguration<TEntityType>.ToTable(string),EntityFramework,6.2.0,C:\Users\Administrator\Desktop\eShopModernizing\eShopLegacyMVCSolution\src\eShopLegacyMVC\Models\CatalogDBContext.cs,58,6.3.0,INCOMPATIBLE,
"System.Data.Entity.ModelConfiguration.EntityTypeConfiguration<TEntityType>.HasKey<TKey>(System.Linq.Expressions.Expression<System.Func<TEntityType, TKey>>)",EntityFramework,6.2.0,C:\Users\Administrator\Desktop\eShopModernizing\eShopLegacyMVCSolution\src\eShopLegacyMVC\Models\CatalogDBContext.cs,43,6.3.0,INCOMPATIBLE,
"System.Data.Entity.ModelConfiguration.EntityTypeConfiguration<TEntityType>.HasKey<TKey>(System.Linq.Expressions.Expression<System.Func<TEntityType, TKey>>)",EntityFramework,6.2.0,C:\Users\Administrator\Desktop\eShopModernizing\eShopLegacyMVCSolution\src\eShopLegacyMVC\Models\CatalogDBContext.cs,51,6.3.0,INCOMPATIBLE,
"System.Data.Entity.ModelConfiguration.EntityTypeConfiguration<TEntityType>.HasKey<TKey>(System.Linq.Expressions.Expression<System.Func<TEntityType, TKey>>)",EntityFramework,6.2.0,C:\Users\Administrator\Desktop\eShopModernizing\eShopLegacyMVCSolution\src\eShopLegacyMVC\Models\CatalogDBContext.cs,59,6.3.0,INCOMPATIBLE,
System.Data.Entity.ModelConfiguration.Configuration.PrimitivePropertyConfiguration.IsRequired(),EntityFramework,6.2.0,C:\Users\Administrator\Desktop\eShopModernizing\eShopLegacyMVCSolution\src\eShopLegacyMVC\Models\CatalogDBContext.cs,44,6.3.0,INCOMPATIBLE,
System.Data.Entity.ModelConfiguration.Configuration.PrimitivePropertyConfiguration.IsRequired(),EntityFramework,6.2.0,C:\Users\Administrator\Desktop\eShopModernizing\eShopLegacyMVCSolution\src\eShopLegacyMVC\Models\CatalogDBContext.cs,52,6.3.0,INCOMPATIBLE,
System.Data.Entity.ModelConfiguration.Configuration.PrimitivePropertyConfiguration.IsRequired(),EntityFramework,6.2.0,C:\Users\Administrator\Desktop\eShopModernizing\eShopLegacyMVCSolution\src\eShopLegacyMVC\Models\CatalogDBContext.cs,60,6.3.0,INCOMPATIBLE,
"System.Data.Entity.ModelConfiguration.Configuration.StructuralTypeConfiguration<TStructuralType>.Property<T>(System.Linq.Expressions.Expression<System.Func<TStructuralType, T>>)",EntityFramework,6.2.0,C:\Users\Administrator\Desktop\eShopModernizing\eShopLegacyMVCSolution\src\eShopLegacyMVC\Models\CatalogDBContext.cs,44,6.3.0,INCOMPATIBLE,
"System.Data.Entity.ModelConfiguration.Configuration.StructuralTypeConfiguration<TStructuralType>.Property<T>(System.Linq.Expressions.Expression<System.Func<TStructuralType, T>>)",EntityFramework,6.2.0,C:\Users\Administrator\Desktop\eShopModernizing\eShopLegacyMVCSolution\src\eShopLegacyMVC\Models\CatalogDBContext.cs,52,6.3.0,INCOMPATIBLE,
"System.Data.Entity.ModelConfiguration.Configuration.StructuralTypeConfiguration<TStructuralType>.Property<T>(System.Linq.Expressions.Expression<System.Func<TStructuralType, T>>)",EntityFramework,6.2.0,C:\Users\Administrator\Desktop\eShopModernizing\eShopLegacyMVCSolution\src\eShopLegacyMVC\Models\CatalogDBContext.cs,60,6.3.0,INCOMPATIBLE,
System.Data.Entity.ModelConfiguration.Configuration.StringPropertyConfiguration.HasMaxLength(int?),EntityFramework,6.2.0,C:\Users\Administrator\Desktop\eShopModernizing\eShopLegacyMVCSolution\src\eShopLegacyMVC\Models\CatalogDBContext.cs,45,,INCOMPATIBLE,
System.Data.Entity.ModelConfiguration.Configuration.StringPropertyConfiguration.HasMaxLength(int?),EntityFramework,6.2.0,C:\Users\Administrator\Desktop\eShopModernizing\eShopLegacyMVCSolution\src\eShopLegacyMVC\Models\CatalogDBContext.cs,53,,INCOMPATIBLE,
System.Data.Entity.ModelConfiguration.Configuration.StringPropertyConfiguration.HasMaxLength(int?),EntityFramework,6.2.0,C:\Users\Administrator\Desktop\eShopModernizing\eShopLegacyMVCSolution\src\eShopLegacyMVC\Models\CatalogDBContext.cs,61,,INCOMPATIBLE,
System.Data.Entity.ModelConfiguration.Configuration.StringPropertyConfiguration.IsRequired(),EntityFramework,6.2.0,C:\Users\Administrator\Desktop\eShopModernizing\eShopLegacyMVCSolution\src\eShopLegacyMVC\Models\CatalogDBContext.cs,45,6.3.0,INCOMPATIBLE,
System.Data.Entity.ModelConfiguration.Configuration.StringPropertyConfiguration.IsRequired(),EntityFramework,6.2.0,C:\Users\Administrator\Desktop\eShopModernizing\eShopLegacyMVCSolution\src\eShopLegacyMVC\Models\CatalogDBContext.cs,53,6.3.0,INCOMPATIBLE,
System.Data.Entity.ModelConfiguration.Configuration.StringPropertyConfiguration.IsRequired(),EntityFramework,6.2.0,C:\Users\Administrator\Desktop\eShopModernizing\eShopLegacyMVCSolution\src\eShopLegacyMVC\Models\CatalogDBContext.cs,61,6.3.0,INCOMPATIBLE,
System.Data.Entity.ModelConfiguration.Configuration.StringPropertyConfiguration.IsRequired(),EntityFramework,6.2.0,C:\Users\Administrator\Desktop\eShopModernizing\eShopLegacyMVCSolution\src\eShopLegacyMVC\Models\CatalogDBContext.cs,63,6.3.0,INCOMPATIBLE,
"System.Data.Entity.ModelConfiguration.Configuration.StructuralTypeConfiguration<TStructuralType>.Property(System.Linq.Expressions.Expression<System.Func<TStructuralType, string>>)",EntityFramework,6.2.0,C:\Users\Administrator\Desktop\eShopModernizing\eShopLegacyMVCSolution\src\eShopLegacyMVC\Models\CatalogDBContext.cs,45,6.3.0,INCOMPATIBLE,
"System.Data.Entity.ModelConfiguration.Configuration.StructuralTypeConfiguration<TStructuralType>.Property(System.Linq.Expressions.Expression<System.Func<TStructuralType, string>>)",EntityFramework,6.2.0,C:\Users\Administrator\Desktop\eShopModernizing\eShopLegacyMVCSolution\src\eShopLegacyMVC\Models\CatalogDBContext.cs,53,6.3.0,INCOMPATIBLE,
"System.Data.Entity.ModelConfiguration.Configuration.StructuralTypeConfiguration<TStructuralType>.Property(System.Linq.Expressions.Expression<System.Func<TStructuralType, string>>)",EntityFramework,6.2.0,C:\Users\Administrator\Desktop\eShopModernizing\eShopLegacyMVCSolution\src\eShopLegacyMVC\Models\CatalogDBContext.cs,61,6.3.0,INCOMPATIBLE,
"System.Data.Entity.ModelConfiguration.Configuration.StructuralTypeConfiguration<TStructuralType>.Property(System.Linq.Expressions.Expression<System.Func<TStructuralType, string>>)",EntityFramework,6.2.0,C:\Users\Administrator\Desktop\eShopModernizing\eShopLegacyMVCSolution\src\eShopLegacyMVC\Models\CatalogDBContext.cs,63,6.3.0,INCOMPATIBLE,
System.Data.Entity.ModelConfiguration.Configuration.PrimitivePropertyConfiguration.HasDatabaseGeneratedOption(System.ComponentModel.DataAnnotations.Schema.DatabaseGeneratedOption?),EntityFramework,6.2.0,C:\Users\Administrator\Desktop\eShopModernizing\eShopLegacyMVCSolution\src\eShopLegacyMVC\Models\CatalogDBContext.cs,60,,INCOMPATIBLE,
System.Data.Entity.ModelConfiguration.Configuration.DecimalPropertyConfiguration.IsRequired(),EntityFramework,6.2.0,C:\Users\Administrator\Desktop\eShopModernizing\eShopLegacyMVCSolution\src\eShopLegacyMVC\Models\CatalogDBContext.cs,62,6.3.0,INCOMPATIBLE,
"System.Data.Entity.ModelConfiguration.Configuration.StructuralTypeConfiguration<TStructuralType>.Property(System.Linq.Expressions.Expression<System.Func<TStructuralType, decimal>>)",EntityFramework,6.2.0,C:\Users\Administrator\Desktop\eShopModernizing\eShopLegacyMVCSolution\src\eShopLegacyMVC\Models\CatalogDBContext.cs,62,,INCOMPATIBLE,
"System.Data.Entity.ModelConfiguration.EntityTypeConfiguration<TEntityType>.Ignore<TProperty>(System.Linq.Expressions.Expression<System.Func<TEntityType, TProperty>>)",EntityFramework,6.2.0,C:\Users\Administrator\Desktop\eShopModernizing\eShopLegacyMVCSolution\src\eShopLegacyMVC\Models\CatalogDBContext.cs,64,6.3.0,INCOMPATIBLE,
"System.Data.Entity.ModelConfiguration.Configuration.DependentNavigationPropertyConfiguration<TDependentEntityType>.HasForeignKey<TKey>(System.Linq.Expressions.Expression<System.Func<TDependentEntityType, TKey>>)",EntityFramework,6.2.0,C:\Users\Administrator\Desktop\eShopModernizing\eShopLegacyMVCSolution\src\eShopLegacyMVC\Models\CatalogDBContext.cs,65,6.3.0,INCOMPATIBLE,
"System.Data.Entity.ModelConfiguration.Configuration.DependentNavigationPropertyConfiguration<TDependentEntityType>.HasForeignKey<TKey>(System.Linq.Expressions.Expression<System.Func<TDependentEntityType, TKey>>)",EntityFramework,6.2.0,C:\Users\Administrator\Desktop\eShopModernizing\eShopLegacyMVCSolution\src\eShopLegacyMVC\Models\CatalogDBContext.cs,66,6.3.0,INCOMPATIBLE,
"System.Data.Entity.ModelConfiguration.Configuration.RequiredNavigationPropertyConfiguration<TEntityType, TTargetEntityType>.WithMany()",EntityFramework,6.2.0,C:\Users\Administrator\Desktop\eShopModernizing\eShopLegacyMVCSolution\src\eShopLegacyMVC\Models\CatalogDBContext.cs,65,6.3.0,INCOMPATIBLE,
"System.Data.Entity.ModelConfiguration.Configuration.RequiredNavigationPropertyConfiguration<TEntityType, TTargetEntityType>.WithMany()",EntityFramework,6.2.0,C:\Users\Administrator\Desktop\eShopModernizing\eShopLegacyMVCSolution\src\eShopLegacyMVC\Models\CatalogDBContext.cs,66,6.3.0,INCOMPATIBLE,
"System.Data.Entity.ModelConfiguration.EntityTypeConfiguration<TEntityType>.HasRequired<TTargetEntity>(System.Linq.Expressions.Expression<System.Func<TEntityType, TTargetEntity>>)",EntityFramework,6.2.0,C:\Users\Administrator\Desktop\eShopModernizing\eShopLegacyMVCSolution\src\eShopLegacyMVC\Models\CatalogDBContext.cs,65,6.3.0,INCOMPATIBLE,
"System.Data.Entity.ModelConfiguration.EntityTypeConfiguration<TEntityType>.HasRequired<TTargetEntity>(System.Linq.Expressions.Expression<System.Func<TEntityType, TTargetEntity>>)",EntityFramework,6.2.0,C:\Users\Administrator\Desktop\eShopModernizing\eShopLegacyMVCSolution\src\eShopLegacyMVC\Models\CatalogDBContext.cs,66,6.3.0,INCOMPATIBLE,
DbModelBuilder,EntityFramework,6.2.0,C:\Users\Administrator\Desktop\eShopModernizing\eShopLegacyMVCSolution\src\eShopLegacyMVC\Models\CatalogDBContext.cs,32,,COMPATIBLE,
Required,System.ComponentModel.DataAnnotations,4.0.0,C:\Users\Administrator\Desktop\eShopModernizing\eShopLegacyMVCSolution\src\eShopLegacyMVC\Models\CatalogItem.cs,16,,COMPATIBLE,
RegularExpression,System.ComponentModel.DataAnnotations,4.0.0,C:\Users\Administrator\Desktop\eShopModernizing\eShopLegacyMVCSolution\src\eShopLegacyMVC\Models\CatalogItem.cs,22,,COMPATIBLE,
Range,System.ComponentModel.DataAnnotations,4.0.0,C:\Users\Administrator\Desktop\eShopModernizing\eShopLegacyMVCSolution\src\eShopLegacyMVC\Models\CatalogItem.cs,23,,COMPATIBLE,
Range,System.ComponentModel.DataAnnotations,4.0.0,C:\Users\Administrator\Desktop\eShopModernizing\eShopLegacyMVCSolution\src\eShopLegacyMVC\Models\CatalogItem.cs,45,,COMPATIBLE,
Range,System.ComponentModel.DataAnnotations,4.0.0,C:\Users\Administrator\Desktop\eShopModernizing\eShopLegacyMVCSolution\src\eShopLegacyMVC\Models\CatalogItem.cs,50,,COMPATIBLE,
Range,System.ComponentModel.DataAnnotations,4.0.0,C:\Users\Administrator\Desktop\eShopModernizing\eShopLegacyMVCSolution\src\eShopLegacyMVC\Models\CatalogItem.cs,55,,COMPATIBLE,
DataType,System.ComponentModel.DataAnnotations,4.0.0,C:\Users\Administrator\Desktop\eShopModernizing\eShopLegacyMVCSolution\src\eShopLegacyMVC\Models\CatalogItem.cs,24,,COMPATIBLE,
Display,System.ComponentModel.DataAnnotations,4.0.0,C:\Users\Administrator\Desktop\eShopModernizing\eShopLegacyMVCSolution\src\eShopLegacyMVC\Models\CatalogItem.cs,27,,COMPATIBLE,
Display,System.ComponentModel.DataAnnotations,4.0.0,C:\Users\Administrator\Desktop\eShopModernizing\eShopLegacyMVCSolution\src\eShopLegacyMVC\Models\CatalogItem.cs,32,,COMPATIBLE,
Display,System.ComponentModel.DataAnnotations,4.0.0,C:\Users\Administrator\Desktop\eShopModernizing\eShopLegacyMVCSolution\src\eShopLegacyMVC\Models\CatalogItem.cs,35,,COMPATIBLE,
Display,System.ComponentModel.DataAnnotations,4.0.0,C:\Users\Administrator\Desktop\eShopModernizing\eShopLegacyMVCSolution\src\eShopLegacyMVC\Models\CatalogItem.cs,38,,COMPATIBLE,
Display,System.ComponentModel.DataAnnotations,4.0.0,C:\Users\Administrator\Desktop\eShopModernizing\eShopLegacyMVCSolution\src\eShopLegacyMVC\Models\CatalogItem.cs,41,,COMPATIBLE,
Display,System.ComponentModel.DataAnnotations,4.0.0,C:\Users\Administrator\Desktop\eShopModernizing\eShopLegacyMVCSolution\src\eShopLegacyMVC\Models\CatalogItem.cs,46,,COMPATIBLE,
Display,System.ComponentModel.DataAnnotations,4.0.0,C:\Users\Administrator\Desktop\eShopModernizing\eShopLegacyMVCSolution\src\eShopLegacyMVC\Models\CatalogItem.cs,51,,COMPATIBLE,
Display,System.ComponentModel.DataAnnotations,4.0.0,C:\Users\Administrator\Desktop\eShopModernizing\eShopLegacyMVCSolution\src\eShopLegacyMVC\Models\CatalogItem.cs,56,,COMPATIBLE,
"Autofac.Builder.IRegistrationBuilder<TLimit, TActivatorData, TRegistrationStyle>.SingleInstance()",Autofac,4.9.1,C:\Users\Administrator\Desktop\eShopModernizing\eShopLegacyMVCSolution\src\eShopLegacyMVC\Modules\ApplicationModule.cs,20,4.9.2,COMPATIBLE,
"Autofac.Builder.IRegistrationBuilder<TLimit, TActivatorData, TRegistrationStyle>.SingleInstance()",Autofac,4.9.1,C:\Users\Administrator\Desktop\eShopModernizing\eShopLegacyMVCSolution\src\eShopLegacyMVC\Modules\ApplicationModule.cs,37,4.9.2,COMPATIBLE,
"Autofac.Builder.IRegistrationBuilder<TLimit, TActivatorData, TRegistrationStyle>.As<TService>()",Autofac,4.9.1,C:\Users\Administrator\Desktop\eShopModernizing\eShopLegacyMVCSolution\src\eShopLegacyMVC\Modules\ApplicationModule.cs,20,4.9.2,COMPATIBLE,
"Autofac.Builder.IRegistrationBuilder<TLimit, TActivatorData, TRegistrationStyle>.As<TService>()",Autofac,4.9.1,C:\Users\Administrator\Desktop\eShopModernizing\eShopLegacyMVCSolution\src\eShopLegacyMVC\Modules\ApplicationModule.cs,26,4.9.2,COMPATIBLE,
Autofac.ContainerBuilder.RegisterType<TImplementer>(),Autofac,4.9.1,C:\Users\Administrator\Desktop\eShopModernizing\eShopLegacyMVCSolution\src\eShopLegacyMVC\Modules\ApplicationModule.cs,20,4.9.2,COMPATIBLE,
Autofac.ContainerBuilder.RegisterType<TImplementer>(),Autofac,4.9.1,C:\Users\Administrator\Desktop\eShopModernizing\eShopLegacyMVCSolution\src\eShopLegacyMVC\Modules\ApplicationModule.cs,26,4.9.2,COMPATIBLE,
Autofac.ContainerBuilder.RegisterType<TImplementer>(),Autofac,4.9.1,C:\Users\Administrator\Desktop\eShopModernizing\eShopLegacyMVCSolution\src\eShopLegacyMVC\Modules\ApplicationModule.cs,31,4.9.2,COMPATIBLE,
Autofac.ContainerBuilder.RegisterType<TImplementer>(),Autofac,4.9.1,C:\Users\Administrator\Desktop\eShopModernizing\eShopLegacyMVCSolution\src\eShopLegacyMVC\Modules\ApplicationModule.cs,34,4.9.2,COMPATIBLE,
Autofac.ContainerBuilder.RegisterType<TImplementer>(),Autofac,4.9.1,C:\Users\Administrator\Desktop\eShopModernizing\eShopLegacyMVCSolution\src\eShopLegacyMVC\Modules\ApplicationModule.cs,37,4.9.2,COMPATIBLE,
"Autofac.Builder.IRegistrationBuilder<TLimit, TActivatorData, TRegistrationStyle>.InstancePerLifetimeScope()",Autofac,4.9.1,C:\Users\Administrator\Desktop\eShopModernizing\eShopLegacyMVCSolution\src\eShopLegacyMVC\Modules\ApplicationModule.cs,26,4.9.2,COMPATIBLE,
"Autofac.Builder.IRegistrationBuilder<TLimit, TActivatorData, TRegistrationStyle>.InstancePerLifetimeScope()",Autofac,4.9.1,C:\Users\Administrator\Desktop\eShopModernizing\eShopLegacyMVCSolution\src\eShopLegacyMVC\Modules\ApplicationModule.cs,31,4.9.2,COMPATIBLE,
"Autofac.Builder.IRegistrationBuilder<TLimit, TActivatorData, TRegistrationStyle>.InstancePerLifetimeScope()",Autofac,4.9.1,C:\Users\Administrator\Desktop\eShopModernizing\eShopLegacyMVCSolution\src\eShopLegacyMVC\Modules\ApplicationModule.cs,34,4.9.2,COMPATIBLE,
System.Linq.IQueryable<TSource>.LongCount<TSource>(),System.Core,4.0.0,C:\Users\Administrator\Desktop\eShopModernizing\eShopLegacyMVCSolution\src\eShopLegacyMVC\Services\CatalogService.cs,23,,COMPATIBLE,
System.Collections.Generic.IEnumerable<TSource>.ToList<TSource>(),System.Core,4.0.0,C:\Users\Administrator\Desktop\eShopModernizing\eShopLegacyMVCSolution\src\eShopLegacyMVC\Services\CatalogService.cs,24,,COMPATIBLE,
System.Collections.Generic.IEnumerable<TSource>.ToList<TSource>(),System.Core,4.0.0,C:\Users\Administrator\Desktop\eShopModernizing\eShopLegacyMVCSolution\src\eShopLegacyMVC\Services\CatalogServiceMock.cs,23,,COMPATIBLE,
System.Linq.IQueryable<TSource>.Take<TSource>(int),System.Core,4.0.0,C:\Users\Administrator\Desktop\eShopModernizing\eShopLegacyMVCSolution\src\eShopLegacyMVC\Services\CatalogService.cs,24,,COMPATIBLE,
System.Linq.IQueryable<TSource>.Skip<TSource>(int),System.Core,4.0.0,C:\Users\Administrator\Desktop\eShopModernizing\eShopLegacyMVCSolution\src\eShopLegacyMVC\Services\CatalogService.cs,24,,COMPATIBLE,
"System.Linq.IQueryable<TSource>.OrderBy<TSource, TKey>(System.Linq.Expressions.Expression<System.Func<TSource, TKey>>)",System.Core,4.0.0,C:\Users\Administrator\Desktop\eShopModernizing\eShopLegacyMVCSolution\src\eShopLegacyMVC\Services\CatalogService.cs,24,,COMPATIBLE,
"System.Linq.IQueryable<T>.Include<T, TProperty>(System.Linq.Expressions.Expression<System.Func<T, TProperty>>)",EntityFramework,6.2.0,C:\Users\Administrator\Desktop\eShopModernizing\eShopLegacyMVCSolution\src\eShopLegacyMVC\Services\CatalogService.cs,24,6.3.0,INCOMPATIBLE,
"System.Linq.IQueryable<T>.Include<T, TProperty>(System.Linq.Expressions.Expression<System.Func<T, TProperty>>)",EntityFramework,6.2.0,C:\Users\Administrator\Desktop\eShopModernizing\eShopLegacyMVCSolution\src\eShopLegacyMVC\Services\CatalogService.cs,24,6.3.0,INCOMPATIBLE,
"System.Linq.IQueryable<T>.Include<T, TProperty>(System.Linq.Expressions.Expression<System.Func<T, TProperty>>)",EntityFramework,6.2.0,C:\Users\Administrator\Desktop\eShopModernizing\eShopLegacyMVCSolution\src\eShopLegacyMVC\Services\CatalogService.cs,30,6.3.0,INCOMPATIBLE,
"System.Linq.IQueryable<T>.Include<T, TProperty>(System.Linq.Expressions.Expression<System.Func<T, TProperty>>)",EntityFramework,6.2.0,C:\Users\Administrator\Desktop\eShopModernizing\eShopLegacyMVCSolution\src\eShopLegacyMVC\Services\CatalogService.cs,30,6.3.0,INCOMPATIBLE,
"System.Linq.IQueryable<TSource>.FirstOrDefault<TSource>(System.Linq.Expressions.Expression<System.Func<TSource, bool>>)",System.Core,4.0.0,C:\Users\Administrator\Desktop\eShopModernizing\eShopLegacyMVCSolution\src\eShopLegacyMVC\Services\CatalogService.cs,30,,COMPATIBLE,
System.Data.Entity.DbContext.Entry<TEntity>(TEntity),EntityFramework,6.2.0,C:\Users\Administrator\Desktop\eShopModernizing\eShopLegacyMVCSolution\src\eShopLegacyMVC\Services\CatalogService.cs,52,6.3.0,INCOMPATIBLE,
System.Data.Entity.DbSet<TEntity>.Remove(TEntity),EntityFramework,6.2.0,C:\Users\Administrator\Desktop\eShopModernizing\eShopLegacyMVCSolution\src\eShopLegacyMVC\Services\CatalogService.cs,58,6.3.0,INCOMPATIBLE,
System.Data.Entity.DbContext.Dispose(),EntityFramework,6.2.0,C:\Users\Administrator\Desktop\eShopModernizing\eShopLegacyMVCSolution\src\eShopLegacyMVC\Services\CatalogService.cs,64,6.3.0,INCOMPATIBLE,
List,mscorlib,4.0.0,C:\Users\Administrator\Desktop\eShopModernizing\eShopLegacyMVCSolution\src\eShopLegacyMVC\Services\CatalogService.cs,24,,COMPATIBLE,
List,mscorlib,4.0.0,C:\Users\Administrator\Desktop\eShopModernizing\eShopLegacyMVCSolution\src\eShopLegacyMVC\Services\CatalogServiceMock.cs,21,,COMPATIBLE,
List,mscorlib,4.0.0,C:\Users\Administrator\Desktop\eShopModernizing\eShopLegacyMVCSolution\src\eShopLegacyMVC\Services\CatalogServiceMock.cs,23,,COMPATIBLE,
System.Collections.Generic.IEnumerable<TSource>.Take<TSource>(int),System.Core,4.0.0,C:\Users\Administrator\Desktop\eShopModernizing\eShopLegacyMVCSolution\src\eShopLegacyMVC\Services\CatalogServiceMock.cs,23,,COMPATIBLE,
"System.Collections.Generic.IEnumerable<TSource>.OrderBy<TSource, TKey>(System.Func<TSource, TKey>)",System.Core,4.0.0,C:\Users\Administrator\Desktop\eShopModernizing\eShopLegacyMVCSolution\src\eShopLegacyMVC\Services\CatalogServiceMock.cs,23,,COMPATIBLE,
"System.Collections.Generic.IEnumerable<TSource>.FirstOrDefault<TSource>(System.Func<TSource, bool>)",System.Core,4.0.0,C:\Users\Administrator\Desktop\eShopModernizing\eShopLegacyMVCSolution\src\eShopLegacyMVC\Services\CatalogServiceMock.cs,35,,COMPATIBLE,
"System.Collections.Generic.IEnumerable<TSource>.Max<TSource>(System.Func<TSource, int>)",System.Core,4.0.0,C:\Users\Administrator\Desktop\eShopModernizing\eShopLegacyMVCSolution\src\eShopLegacyMVC\Services\CatalogServiceMock.cs,50,,COMPATIBLE,
System.Collections.Generic.List<T>.Add(T),mscorlib,4.0.0,C:\Users\Administrator\Desktop\eShopModernizing\eShopLegacyMVCSolution\src\eShopLegacyMVC\Services\CatalogServiceMock.cs,52,,COMPATIBLE,
System.Collections.Generic.List<T>.IndexOf(T),mscorlib,4.0.0,C:\Users\Administrator\Desktop\eShopModernizing\eShopLegacyMVCSolution\src\eShopLegacyMVC\Services\CatalogServiceMock.cs,60,,COMPATIBLE,
System.Collections.Generic.List<T>.Remove(T),mscorlib,4.0.0,C:\Users\Administrator\Desktop\eShopModernizing\eShopLegacyMVCSolution\src\eShopLegacyMVC\Services\CatalogServiceMock.cs,66,,COMPATIBLE,
System.Collections.Generic.List<T>.ForEach(System.Action<T>),mscorlib,4.0.0,C:\Users\Administrator\Desktop\eShopModernizing\eShopLegacyMVCSolution\src\eShopLegacyMVC\Services\CatalogServiceMock.cs,77,,COMPATIBLE,
System.Collections.Generic.List<T>.ForEach(System.Action<T>),mscorlib,4.0.0,C:\Users\Administrator\Desktop\eShopModernizing\eShopLegacyMVCSolution\src\eShopLegacyMVC\Services\CatalogServiceMock.cs,78,,COMPATIBLE,
"System.Collections.Generic.IEnumerable<TSource>.First<TSource>(System.Func<TSource, bool>)",System.Core,4.0.0,C:\Users\Administrator\Desktop\eShopModernizing\eShopLegacyMVCSolution\src\eShopLegacyMVC\Services\CatalogServiceMock.cs,77,,COMPATIBLE,
"System.Collections.Generic.IEnumerable<TSource>.First<TSource>(System.Func<TSource, bool>)",System.Core,4.0.0,C:\Users\Administrator\Desktop\eShopModernizing\eShopLegacyMVCSolution\src\eShopLegacyMVC\Services\CatalogServiceMock.cs,78,,COMPATIBLE,
System.Math.Ceiling(decimal),mscorlib,4.0.0,C:\Users\Administrator\Desktop\eShopModernizing\eShopLegacyMVCSolution\src\eShopLegacyMVC\ViewModel\PaginatedItemsViewModel.cs,23,,COMPATIBLE,
