packageId,version,packageSourceType,frequency,apis,sourceFiles,replacement,compatible,failed,deprecated
Antlr,3.5.0.2,NUGET,1,0,0,,INCOMPATIBLE,,
Autofac,4.9.1,NUGET,1,21,2,4.9.2,COMPATIBLE,,
Autofac.Mvc5,4.0.2,NUGET,1,2,1,,INCOMPATIBLE,,
bootstrap,4.3.1,NUGET,1,0,0,4.4.0,COMPATIBLE,,
EntityFramework,6.2.0,NUGET,1,61,5,6.3.0,INCOMPATIBLE,,
jQuery,3.3.1,NUGET,1,0,0,3.4.0,COMPATIBLE,,
jQuery.Validation,1.17.0,NUGET,1,0,0,1.19.1,COMPATIBLE,,
log4net,2.0.8,NUGET,1,17,3,2.0.9,COMPATIBLE,,
Microsoft.ApplicationInsights,2.9.1,NUGET,1,0,0,2.10.0-beta2,COMPATIBLE,,
Microsoft.ApplicationInsights.Agent.Intercept,2.4.0,NUGET,1,0,0,,COMPATIBLE,,
Microsoft.ApplicationInsights.DependencyCollector,2.9.1,NUGET,1,0,0,2.10.0-beta2,COMPATIBLE,,
Microsoft.ApplicationInsights.PerfCounterCollector,2.9.1,NUGET,1,0,0,2.10.0-beta2,COMPATIBLE,,
Microsoft.ApplicationInsights.Web,2.9.1,NUGET,1,0,0,2.10.0-beta2,COMPATIBLE,,
Microsoft.ApplicationInsights.WindowsServer,2.9.1,NUGET,1,0,0,2.10.0-beta2,COMPATIBLE,,
Microsoft.ApplicationInsights.WindowsServer.TelemetryChannel,2.9.1,NUGET,1,0,0,2.10.0-beta2,COMPATIBLE,,
Microsoft.AspNet.Mvc,5.2.7,NUGET,1,57,5,,INCOMPATIBLE,,
Microsoft.AspNet.Razor,3.2.7,NUGET,1,0,0,,INCOMPATIBLE,,
Microsoft.AspNet.SessionState.SessionStateModule,1.1.0,NUGET,1,0,0,,INCOMPATIBLE,,
Microsoft.AspNet.TelemetryCorrelation,1.0.5,NUGET,1,0,0,,INCOMPATIBLE,,
Microsoft.AspNet.Web.Optimization,1.1.3,NUGET,1,16,1,,INCOMPATIBLE,,
Microsoft.AspNet.WebPages,3.2.7,NUGET,1,0,0,,INCOMPATIBLE,,
Microsoft.CodeDom.Providers.DotNetCompilerPlatform,2.0.1,NUGET,1,0,0,,COMPATIBLE,,
Microsoft.jQuery.Unobtrusive.Validation,3.2.11,NUGET,1,0,0,,COMPATIBLE,,
Microsoft.Net.Compilers,2.10.0,NUGET,1,0,0,2.11.0-beta1-final,COMPATIBLE,,
Microsoft.Web.Infrastructure,1.0.0,NUGET,1,0,0,,INCOMPATIBLE,,
Modernizr,2.8.3,NUGET,1,0,0,,COMPATIBLE,,
Newtonsoft.Json,12.0.1,NUGET,1,0,0,12.0.2-beta1,COMPATIBLE,,
Pipelines.Sockets.Unofficial,1.0.7,NUGET,1,0,0,1.0.9,COMPATIBLE,,
popper.js,1.14.3,NUGET,1,0,0,1.16.0,COMPATIBLE,,
Respond,1.4.2,NUGET,1,0,0,,COMPATIBLE,,
System.Buffers,4.4.0,NUGET,1,0,0,4.5.0-preview1-25914-04,COMPATIBLE,,
System.Diagnostics.DiagnosticSource,4.5.1,NUGET,1,0,0,4.6.0,COMPATIBLE,,
System.Diagnostics.PerformanceCounter,4.5.0,NUGET,1,0,0,4.6.0,COMPATIBLE,,
System.IO.Compression,4.3.0,NUGET,1,0,0,,COMPATIBLE,,
System.IO.Compression.ZipFile,4.3.0,NUGET,1,0,0,,COMPATIBLE,,
System.IO.Pipelines,4.5.1,NUGET,1,0,0,4.5.2,COMPATIBLE,,
System.Memory,4.5.1,NUGET,1,0,0,4.5.2-servicing-27114-05,COMPATIBLE,,
System.Numerics.Vectors,4.4.0,NUGET,1,0,0,4.5.0-preview1-26216-02,COMPATIBLE,,
System.Runtime.CompilerServices.Unsafe,4.5.0,NUGET,1,0,0,4.5.1,COMPATIBLE,,
System.Threading.Channels,4.5.0,NUGET,1,0,0,4.6.0,COMPATIBLE,,
System.Threading.Tasks.Extensions,4.5.1,NUGET,1,0,0,4.5.2-servicing-27114-05,COMPATIBLE,,
WebGrease,1.6.0,NUGET,1,0,0,,INCOMPATIBLE,,
