sourceFilePath,incompatibleApis,totalApis,solutionPath,projectPath,portability,portabilityNumber,isProjectPage
C:\Users\Administrator\Desktop\eShopModernizing\eShopLegacyMVCSolution\src\eShopLegacyMVC\App_Start\BundleConfig.cs,6,6,C:\Users\Administrator\Desktop\eShopModernizing\eShopLegacyMVCSolution\eShopLegacyMVC.sln,C:\Users\Administrator\Desktop\eShopModernizing\eShopLegacyMVCSolution\src\eShopLegacyMVC\eShopLegacyMVC.csproj,0%,0,
C:\Users\Administrator\Desktop\eShopModernizing\eShopLegacyMVCSolution\src\eShopLegacyMVC\App_Start\FilterConfig.cs,3,3,C:\Users\Administrator\Desktop\eShopModernizing\eShopLegacyMVCSolution\eShopLegacyMVC.sln,C:\Users\Administrator\Desktop\eShopModernizing\eShopLegacyMVCSolution\src\eShopLegacyMVC\eShopLegacyMVC.csproj,0%,0,
C:\Users\Administrator\Desktop\eShopModernizing\eShopLegacyMVCSolution\src\eShopLegacyMVC\App_Start\RouteConfig.cs,4,4,C:\Users\Administrator\Desktop\eShopModernizing\eShopLegacyMVCSolution\eShopLegacyMVC.sln,C:\Users\Administrator\Desktop\eShopModernizing\eShopLegacyMVCSolution\src\eShopLegacyMVC\eShopLegacyMVC.csproj,0%,0,
C:\Users\Administrator\Desktop\eShopModernizing\eShopLegacyMVCSolution\src\eShopLegacyMVC\Controllers\PicController.cs,6,15,C:\Users\Administrator\Desktop\eShopModernizing\eShopLegacyMVCSolution\eShopLegacyMVC.sln,C:\Users\Administrator\Desktop\eShopModernizing\eShopLegacyMVCSolution\src\eShopLegacyMVC\eShopLegacyMVC.csproj,60%,60,
C:\Users\Administrator\Desktop\eShopModernizing\eShopLegacyMVCSolution\src\eShopLegacyMVC\Models\Infrastructure\CatalogDBInitializer.cs,4,42,C:\Users\Administrator\Desktop\eShopModernizing\eShopLegacyMVCSolution\eShopLegacyMVC.sln,C:\Users\Administrator\Desktop\eShopModernizing\eShopLegacyMVCSolution\src\eShopLegacyMVC\eShopLegacyMVC.csproj,90%,90,
C:\Users\Administrator\Desktop\eShopModernizing\eShopLegacyMVCSolution\src\eShopLegacyMVC\Models\CatalogItemHiLoGenerator.cs,1,4,C:\Users\Administrator\Desktop\eShopModernizing\eShopLegacyMVCSolution\eShopLegacyMVC.sln,C:\Users\Administrator\Desktop\eShopModernizing\eShopLegacyMVCSolution\src\eShopLegacyMVC\eShopLegacyMVC.csproj,75%,75,
C:\Users\Administrator\Desktop\eShopModernizing\eShopLegacyMVCSolution\src\eShopLegacyMVC\Controllers\CatalogController.cs,12,18,C:\Users\Administrator\Desktop\eShopModernizing\eShopLegacyMVCSolution\eShopLegacyMVC.sln,C:\Users\Administrator\Desktop\eShopModernizing\eShopLegacyMVCSolution\src\eShopLegacyMVC\eShopLegacyMVC.csproj,33%,33,
C:\Users\Administrator\Desktop\eShopModernizing\eShopLegacyMVCSolution\src\eShopLegacyMVC\Global.asax.cs,5,20,C:\Users\Administrator\Desktop\eShopModernizing\eShopLegacyMVCSolution\eShopLegacyMVC.sln,C:\Users\Administrator\Desktop\eShopModernizing\eShopLegacyMVCSolution\src\eShopLegacyMVC\eShopLegacyMVC.csproj,75%,75,
C:\Users\Administrator\Desktop\eShopModernizing\eShopLegacyMVCSolution\src\eShopLegacyMVC\Models\CatalogBrand.cs,0,0,C:\Users\Administrator\Desktop\eShopModernizing\eShopLegacyMVCSolution\eShopLegacyMVC.sln,C:\Users\Administrator\Desktop\eShopModernizing\eShopLegacyMVCSolution\src\eShopLegacyMVC\eShopLegacyMVC.csproj,-,,
C:\Users\Administrator\Desktop\eShopModernizing\eShopLegacyMVCSolution\src\eShopLegacyMVC\Models\CatalogDBContext.cs,16,17,C:\Users\Administrator\Desktop\eShopModernizing\eShopLegacyMVCSolution\eShopLegacyMVC.sln,C:\Users\Administrator\Desktop\eShopModernizing\eShopLegacyMVCSolution\src\eShopLegacyMVC\eShopLegacyMVC.csproj,6%,6,
C:\Users\Administrator\Desktop\eShopModernizing\eShopLegacyMVCSolution\src\eShopLegacyMVC\Models\CatalogItem.cs,0,5,C:\Users\Administrator\Desktop\eShopModernizing\eShopLegacyMVCSolution\eShopLegacyMVC.sln,C:\Users\Administrator\Desktop\eShopModernizing\eShopLegacyMVCSolution\src\eShopLegacyMVC\eShopLegacyMVC.csproj,100%,100,
C:\Users\Administrator\Desktop\eShopModernizing\eShopLegacyMVCSolution\src\eShopLegacyMVC\Models\CatalogType.cs,0,0,C:\Users\Administrator\Desktop\eShopModernizing\eShopLegacyMVCSolution\eShopLegacyMVC.sln,C:\Users\Administrator\Desktop\eShopModernizing\eShopLegacyMVCSolution\src\eShopLegacyMVC\eShopLegacyMVC.csproj,-,,
C:\Users\Administrator\Desktop\eShopModernizing\eShopLegacyMVCSolution\src\eShopLegacyMVC\Models\Infrastructure\PreconfiguredData.cs,0,0,C:\Users\Administrator\Desktop\eShopModernizing\eShopLegacyMVCSolution\eShopLegacyMVC.sln,C:\Users\Administrator\Desktop\eShopModernizing\eShopLegacyMVCSolution\src\eShopLegacyMVC\eShopLegacyMVC.csproj,-,,
C:\Users\Administrator\Desktop\eShopModernizing\eShopLegacyMVCSolution\src\eShopLegacyMVC\Modules\ApplicationModule.cs,0,5,C:\Users\Administrator\Desktop\eShopModernizing\eShopLegacyMVCSolution\eShopLegacyMVC.sln,C:\Users\Administrator\Desktop\eShopModernizing\eShopLegacyMVCSolution\src\eShopLegacyMVC\eShopLegacyMVC.csproj,100%,100,
C:\Users\Administrator\Desktop\eShopModernizing\eShopLegacyMVCSolution\src\eShopLegacyMVC\Properties\AssemblyInfo.cs,0,0,C:\Users\Administrator\Desktop\eShopModernizing\eShopLegacyMVCSolution\eShopLegacyMVC.sln,C:\Users\Administrator\Desktop\eShopModernizing\eShopLegacyMVCSolution\src\eShopLegacyMVC\eShopLegacyMVC.csproj,-,,
C:\Users\Administrator\Desktop\eShopModernizing\eShopLegacyMVCSolution\src\eShopLegacyMVC\Services\CatalogService.cs,6,14,C:\Users\Administrator\Desktop\eShopModernizing\eShopLegacyMVCSolution\eShopLegacyMVC.sln,C:\Users\Administrator\Desktop\eShopModernizing\eShopLegacyMVCSolution\src\eShopLegacyMVC\eShopLegacyMVC.csproj,57%,57,
C:\Users\Administrator\Desktop\eShopModernizing\eShopLegacyMVCSolution\src\eShopLegacyMVC\Services\CatalogServiceMock.cs,0,14,C:\Users\Administrator\Desktop\eShopModernizing\eShopLegacyMVCSolution\eShopLegacyMVC.sln,C:\Users\Administrator\Desktop\eShopModernizing\eShopLegacyMVCSolution\src\eShopLegacyMVC\eShopLegacyMVC.csproj,100%,100,
C:\Users\Administrator\Desktop\eShopModernizing\eShopLegacyMVCSolution\src\eShopLegacyMVC\Services\ICatalogService.cs,0,0,C:\Users\Administrator\Desktop\eShopModernizing\eShopLegacyMVCSolution\eShopLegacyMVC.sln,C:\Users\Administrator\Desktop\eShopModernizing\eShopLegacyMVCSolution\src\eShopLegacyMVC\eShopLegacyMVC.csproj,-,,
C:\Users\Administrator\Desktop\eShopModernizing\eShopLegacyMVCSolution\src\eShopLegacyMVC\ViewModel\PaginatedItemsViewModel.cs,0,1,C:\Users\Administrator\Desktop\eShopModernizing\eShopLegacyMVCSolution\eShopLegacyMVC.sln,C:\Users\Administrator\Desktop\eShopModernizing\eShopLegacyMVCSolution\src\eShopLegacyMVC\eShopLegacyMVC.csproj,100%,100,
"C:\Users\Administrator\Desktop\eShopModernizing\eShopLegacyMVCSolution\src\eShopLegacyMVC\obj\Debug\.NETFramework,Version=v4.7.2.AssemblyAttributes.cs",0,0,C:\Users\Administrator\Desktop\eShopModernizing\eShopLegacyMVCSolution\eShopLegacyMVC.sln,C:\Users\Administrator\Desktop\eShopModernizing\eShopLegacyMVCSolution\src\eShopLegacyMVC\eShopLegacyMVC.csproj,-,,
